JobID,User Name,Domain Name,Document Name,Date Time,Type,Department Number,Pages,Size,Status,Sets,PIN,Project Code
755,Edwin,DESKTOP-9RMVS1T,19-07-015KA-Model[74876].pdf,2019-07-12T17:18:27,Print,,1,LETTER,4000,1,,
754,mmartinez,DESKTOP-MB1MRSV,ManualCheck (20).pdf,2019-07-12T16:49:12,Print,,1,LETTER,4000,1,,
753,mmartinez,DESKTOP-MB1MRSV,Zoraya Alvarez.pdf,2019-07-12T16:19:51,Print,,1,LETTER,4000,1,,
752,mmartinez,DESKTOP-MB1MRSV,Araibis Martin.pdf,2019-07-12T16:19:37,Print,,1,LETTER,4000,1,,
750,Ximena,DESKTOP-1T4K6FB,Roller Universal components 2019.xls,2019-07-12T15:48:18,Print,,20,LETTER,4000,1,,
749,Ximena,DESKTOP-1T4K6FB,Roller Universal components 2019.xls,2019-07-12T15:46:21,Print,,12,LETTER,4000,1,,
748,Ximena,DESKTOP-1T4K6FB,VERTILUX Mail - Tejidos en Liquidacion por cambio de Catalogos,2019-07-12T15:37:36,Print,,3,LETTER,4000,1,,
747,Ximena,DESKTOP-1T4K6FB,Custom Laser - OE Invoice table driven ODBC no BO,2019-07-12T15:37:17,Print,,1,LETTER,4000,1,,
746,Ximena,DESKTOP-1T4K6FB,VERTILUX Mail - Tejidos en Liquidacion por cambio de Catalogos,2019-07-12T15:33:15,Print,,3,LETTER,4000,1,,
745,mmartinez,DESKTOP-MB1MRSV,ADP,2019-07-12T15:18:31,Print,,1,LETTER,4000,1,,
744,Ximena,DESKTOP-1T4K6FB,Motores Solare Shield.xlsx,2019-07-12T15:00:47,Print,,6,LETTER,4000,1,,
743,Ximena,DESKTOP-1T4K6FB,VERTILUX Mail - RE: COSTO MOTORES Y ALUMINIO,2019-07-12T14:59:31,Print,,4,LETTER,4000,1,,
742,Ximena,DESKTOP-1T4K6FB,VERTILUX Mail - IL110 Asco Termosoldadora,2019-07-12T14:59:07,Print,,3,LETTER,4000,1,,
741,mora,,Crystal Reports - PORTRECBCURRENCY3D.RPT,2019-07-12T14:43:53,Print,,1,LETTER,4000,1,,
740,mora,,Crystal Reports - PORTRECBCURRENCY3D NO NAME.RPT,2019-07-12T14:43:25,Print,,1,LETTER,4000,1,,
739,whs107,,HBL 070182.pdf,2019-07-12T14:33:16,Print,,1,LETTER,4000,1,,
738,whs107,,CO UI1346 MEX.xls,2019-07-12T14:32:44,Print,,1,LETTER,4000,1,,
737,whs107,,PL UI1346 MEX.xls,2019-07-12T14:32:15,Print,,1,LETTER,4000,1,,
736,whs107,,INV UI1346 MEX.xls,2019-07-12T14:31:42,Print,,1,LETTER,4000,1,,
735,christianf,CHRISTIAN,Proceso de FabricaciÃÂ³n: Enrollable Motorizada,2019-07-12T14:05:39,Print,,3,LETTER,4000,1,,
734,christianf,CHRISTIAN,Microsoft Outlook - Memo Style,2019-07-12T13:31:37,Print,,2,LETTER,4000,1,,
733,christianf,CHRISTIAN,Microsoft Outlook - Memo Style,2019-07-12T13:27:12,Print,,2,LETTER,4000,1,,
732,christianf,CHRISTIAN,Microsoft Outlook - Memo Style,2019-07-12T13:26:42,Print,,1,LETTER,4000,1,,
731,christianf,CHRISTIAN,Microsoft Outlook - Memo Style,2019-07-12T13:26:16,Print,,1,LETTER,4000,1,,
730,christianf,CHRISTIAN,2019_racing_calendar (11).pdf,2019-07-12T13:22:22,Print,,1,LETTER,4000,1,,
729,christianf,CHRISTIAN,2019_racing_calendar (11).pdf,2019-07-12T13:21:26,Print,,1,LETTER,4000,2,,
728,whs107,,doc00038520190711174822.pdf,2019-07-12T13:01:02,Print,,2,LETTER,4000,1,,
726,mmartinez,DESKTOP-MB1MRSV,Time Sheet Araibis Martin y Zoraya Alvarez.xlsx,2019-07-12T12:06:00,Print,,1,LETTER,4000,1,,
725,mmartinez,DESKTOP-MB1MRSV,Time Sheet Araibis Martin y Zoraya Alvarez.xlsx,2019-07-12T12:05:38,Print,,1,LETTER,4000,1,,
724,whs107,,DEBIT NOTE TUNGFONG PO62439 TO-TAMPA --ETD 7.1.pdf,2019-07-12T11:39:43,Print,,1,LETTER,4000,1,,
723,whs107,,BL TUNGFONG PO62439 TO-TAMPA --ETD 7.1.pdf,2019-07-12T11:39:17,Print,,1,LETTER,4000,1,,
722,whs107,,BL TUNGFONG PO62439 TO-TAMPA --ETD 7.1.pdf,2019-07-12T11:39:00,Print,,1,LETTER,4000,1,,
720,Ximena,DESKTOP-1T4K6FB,Remote Desktop Redirected Printer Doc,2019-07-12T11:31:14,Print,,17,LETTER,4000,1,,
721,,,,2019-07-12T11:30:55,Copy,,3,LETTER,4000,1,,
719,mmartinez,DESKTOP-MB1MRSV,"7753 NW 79th Pl, Miami, FL 33166 to 402...een Ct, Jacksonville, FL - Google Maps",2019-07-12T11:05:33,Print,,2,LETTER,4000,1,,
717,Ximena,DESKTOP-1T4K6FB,Remote Desktop Redirected Printer Doc,2019-07-12T10:50:18,Print,,5,LETTER,4000,1,,
714,mmartinez,DESKTOP-MB1MRSV,19-20 WC Policy.pdf,2019-07-12T10:16:05,Print,,1,LETTER,4000,5,,
713,whs107,,doc00045520190712113447.pdf,2019-07-12T10:12:39,Print,,2,LETTER,4000,1,,
712,whs107,,doc00045520190712113447.pdf,2019-07-12T10:12:14,Print,,2,LETTER,4000,1,,
710,mmartinez,DESKTOP-MB1MRSV,ADP,2019-07-12T09:59:15,Print,,1,LETTER,4000,1,,
709,mora,,Crystal Reports - PORTRECBCURRENCY3D NO NAME.RPT,2019-07-12T09:56:10,Print,,1,LETTER,4000,1,,
708,mora,,Crystal Reports - PORTRECBCURRENCY3D.RPT,2019-07-12T09:55:43,Print,,1,LETTER,4000,1,,
707,mora,,Crystal Reports - PORTRECBCURRENCY3D.RPT,2019-07-12T09:49:11,Print,,1,LETTER,4000,1,,
706,mora,,Crystal Reports - PORTRECBCURRENCY3D NO NAME.RPT,2019-07-12T09:47:42,Print,,1,LETTER,4000,1,,
705,whs107,,PACKING LIST PO#62344 America-COLOMBIA.xls,2019-07-12T09:40:49,Print,,2,LETTER,4000,1,,
704,whs107,,INVOICE PO#62344 America-COLOMBIA.xls,2019-07-12T09:40:22,Print,,2,LETTER,4000,1,,
703,whs107,,Packing List CBT19349.pdf,2019-07-12T09:33:59,Print,,1,LETTER,4000,1,,
702,whs107,,Commercial Invoice CBT19349.pdf,2019-07-12T09:33:27,Print,,1,LETTER,4000,1,,
701,mmartinez,DESKTOP-MB1MRSV,"25.8452548, -80.3275419 to 4027 Augusti...een Ct, Jacksonville, FL - Google Maps",2019-07-12T09:32:02,Print,,7,LETTER,4000,1,,
700,Edwin,DESKTOP-9RMVS1T,image010.png,2019-07-11T14:09:11,Print,,1,LETTER,4000,1,,
699,Edwin,DESKTOP-9RMVS1T,image011.png,2019-07-11T14:08:51,Print,,1,LETTER,4000,1,,
698,Edwin,DESKTOP-9RMVS1T,image012.png,2019-07-11T14:08:34,Print,,1,LETTER,4000,1,,
697,Edwin,DESKTOP-9RMVS1T,image013.png,2019-07-11T14:08:14,Print,,1,LETTER,4000,1,,
696,Edwin,DESKTOP-9RMVS1T,image013.png,2019-07-11T14:07:59,Print,,2,LETTER,4000,1,,
695,Edwin,DESKTOP-9RMVS1T,image014.png,2019-07-11T14:07:45,Print,,2,LETTER,4000,1,,
694,Edwin,DESKTOP-9RMVS1T,image015.png,2019-07-11T14:07:32,Print,,1,LETTER,4000,1,,
693,mmartinez,DESKTOP-MB1MRSV,4-26026 Vertilux we 06.30.19.pdf,2019-07-11T13:29:18,Print,,2,LETTER,4000,1,,
692,mmartinez,DESKTOP-MB1MRSV,4224_001.pdf,2019-07-11T13:28:45,Print,,26,LETTER,4000,1,,
691,mmartinez,DESKTOP-MB1MRSV,4223_001.pdf,2019-07-11T13:26:02,Print,,56,LETTER,4000,1,,
690,mmartinez,DESKTOP-MB1MRSV,Microsoft Outlook - Memo Style,2019-07-11T12:46:42,Print,,3,LETTER,4000,1,,
689,,,,2019-07-11T12:36:46,Copy,,2,LETTER,4000,2,,
688,,,,2019-07-11T12:36:08,Copy,,1,LETTER,4000,2,,
687,,,,2019-07-11T12:35:34,Copy,,14,LETTER,4000,1,,
686,,,,2019-07-11T12:34:29,Copy,,14,LETTER,4000,1,,
685,mmartinez,DESKTOP-MB1MRSV,Microsoft Outlook - Memo Style,2019-07-11T12:32:47,Print,,2,LETTER,4000,1,,
684,mmartinez,DESKTOP-MB1MRSV,Vertilux 2019 2nd Qtr. Commissions To Be Paid.xlsx,2019-07-11T12:32:36,Print,,1,LETTER,4000,1,,
683,mmartinez,DESKTOP-MB1MRSV,2ND QTR. 2019 COMM. SALES ANALYSIS.xlsx,2019-07-11T12:32:32,Print,,14,LETTER,4000,1,,
680,mmartinez,DESKTOP-MB1MRSV,https://workforcenow.adp.com/wfn/payrol...tiPrintGoodResultRealPrintWindow.faces,2019-07-11T11:59:32,Print,,2,LETTER,4000,1,,
678,whs107,,Microsoft Word - CuttingEquipment_EN2019.docx,2019-07-11T10:24:55,Print,,1,LETTER,4000,1,,
677,mora,,Crystal Reports - PORTRECBCURRENCY3D.RPT,2019-07-11T10:08:10,Print,,2,LETTER,4000,1,,
676,mora,,Crystal Reports - PORTRECBCURRENCY3D.RPT,2019-07-11T09:59:22,Print,,1,LETTER,4000,1,,
675,mora,,Template for IC vs Sales.xlsx,2019-07-11T09:55:08,Print,,1,LETTER,4000,2,,
674,Edwin,DESKTOP-9RMVS1T,1445[73901].pdf,2019-07-11T08:06:41,Print,,1,LETTER,4000,1,,
662,mmartinez,DESKTOP-MB1MRSV,Aracely-07102019084712.pdf,2019-07-10T17:08:37,Print,,1,LETTER,4000,1,,
661,mora,,SAP Crystal Reports - ,2019-07-10T17:05:47,Print,,1,LETTER,4000,1,,
660,whs107,,packing list KTF190628_PO62437etc.pdf,2019-07-10T12:01:07,Print,,2,LETTER,4000,1,,
659,whs107,,BL copy_KTF190628_PO62437etc_GICM00100204A-CHK.PDF,2019-07-10T12:00:35,Print,,1,LETTER,4000,1,,
658,whs107,,commercial invoice KTF190628_PO62437etc.pdf,2019-07-10T11:54:58,Print,,2,LETTER,4000,1,,
657,whs107,,invoice breakdown per each supplier KTF190628_PO62437etc.xlsx,2019-07-10T11:54:02,Print,,1,LETTER,4000,1,,
656,Edwin,DESKTOP-9RMVS1T,19-66KA-Model[62556].pdf,2019-07-10T11:52:21,Print,,1,LETTER,4000,1,,
655,mora,,Crystal Reports - PORTRECBCURRENCY3D.RPT,2019-07-10T11:40:23,Print,,1,LETTER,4000,1,,
654,mora,,Crystal Reports - PORTRECBCURRENCY3D.RPT,2019-07-10T10:42:15,Print,,1,LETTER,4000,1,,
653,whs107,,copy of docs for inv2019071001.pdf,2019-07-10T10:34:00,Print,,9,LETTER,4000,1,,
652,whs107,,pi.xls,2019-07-10T10:32:47,Print,,1,LETTER,4000,1,,
651,whs107,,inv.xls,2019-07-10T10:31:37,Print,,1,LETTER,4000,1,,
650,DESKTOP-9RMVS1T$,DESKTOP-9RMVS1T,B-20210 PORTATELA[72063].pdf,2019-07-10T10:25:34,Print,,1,LETTER,4000,1,,
649,Jim Bennett,DESKTOP-PCGA97O,Boarding Pass - Print your boarding pass - American Airlines,2019-07-10T09:29:02,Print,,1,LETTER,4000,1,,
648,catalina,,Microsoft Word - Document2,2019-07-10T09:08:00,Print,,1,LETTER,4000,1,,
647,Jim Bennett,DESKTOP-PCGA97O,flexmls Web,2019-07-09T18:10:57,Print,,2,LETTER,4000,1,,
646,mmartinez,DESKTOP-MB1MRSV,Microsoft Outlook - Memo Style,2019-07-09T17:14:44,Print,,3,LETTER,4000,1,,
645,mora,,SAP Crystal Reports - ,2019-07-09T16:57:15,Print,,1,LETTER,4000,1,,
644,mora,,Crystal Reports - PORTRECBCURRENCY3D.RPT,2019-07-09T16:35:48,Print,,1,LETTER,4000,1,,
643,mora,,Crystal Reports - PORTRECBCURRENCY3D.RPT,2019-07-09T16:33:06,Print,,1,LETTER,4000,1,,
642,mora,,Crystal Reports - PORTRECBCURRENCY3D.RPT,2019-07-09T16:30:12,Print,,1,LETTER,4000,1,,
641,Ximena,DESKTOP-1T4K6FB,Siplan  Vertical.xlsx,2019-07-09T16:30:03,Print,,2,LETTER,4000,1,,
640,mora,,Crystal Reports - PORTRECBCURRENCY3D.RPT,2019-07-09T16:26:28,Print,,1,LETTER,4000,1,,
639,mora,,Crystal Reports - PORTRECBCURRENCY3D.RPT,2019-07-09T16:23:11,Print,,1,LETTER,4000,1,,
638,mora,,Template for IC vs Sales.xlsx,2019-07-09T16:18:58,Print,,1,LETTER,4000,5,,
637,christianf,CHRISTIAN,ORDER CONFIRMATION-EXPORT-SO545764.pdf,2019-07-09T16:02:35,Print,,1,LETTER,4000,1,,
636,mora,,SAP Crystal Reports - ,2019-07-09T15:54:07,Print,,2,LETTER,4000,1,,
635,Ximena,DESKTOP-1T4K6FB,Vertical Cable Siplan.pdf,2019-07-09T15:52:26,Print,,3,LETTER,4000,1,,
634,mora,,SAP Crystal Reports - ,2019-07-09T15:22:04,Print,,1,LETTER,4000,1,,
633,,,,2019-07-09T15:07:27,Copy,,1,LETTER,4000,1,,
632,mora,,SAP Crystal Reports - ,2019-07-09T15:07:03,Print,,1,LETTER,4000,1,,
631,Ximena,DESKTOP-1T4K6FB,Quote - Miami.rpt,2019-07-09T14:54:26,Print,,1,LETTER,4000,1,,
630,Ximena,DESKTOP-1T4K6FB,Quote - Miami.rpt,2019-07-09T14:53:34,Print,,1,LETTER,4000,1,,
629,Jim Bennett,DESKTOP-PCGA97O,Pennsylvania Lottery - PA Lottery Coupon,2019-07-09T13:10:23,Print,,1,LETTER,4000,1,,
628,mora,,Crystal Reports - PORTRECBCURRENCY3D.RPT,2019-07-09T12:08:29,Print,,1,LETTER,4000,1,,
627,mora,,Crystal Reports - PORTRECBCURRENCY3D.RPT,2019-07-09T11:05:21,Print,,1,LETTER,4000,1,,
626,whs107,,InvoiceforPO62587_.xls,2019-07-09T11:00:04,Print,,2,LETTER,4000,1,,
625,whs107,,PACKING LIST PO#62188 America-Brazil.xls,2019-07-09T10:54:01,Print,,2,LETTER,4000,1,,
624,whs107,,INVOICE PO#62188 America-Brazil.xls,2019-07-09T10:52:23,Print,,2,LETTER,4000,1,,
623,whs107,,packinglistnbsp;forPO62587.xls,2019-07-09T09:36:15,Print,,1,LETTER,4000,1,,
622,whs107,,InvoiceforPO62587_.xls,2019-07-09T09:33:28,Print,,1,LETTER,4000,1,,
621,edwin,VERTILUX.LTD,CA01700 open tabs.pdf,2019-07-09T09:20:56,Print,,1,LETTER,4000,1,,
620,mmartinez,DESKTOP-MB1MRSV,DOC070819-001.pdf,2019-07-09T09:20:48,Print,,1,LETTER,4000,1,,
619,edwin,VERTILUX.LTD,0-181-CA-01700 carrier with velcro.pdf,2019-07-09T09:20:37,Print,,1,LETTER,4000,1,,
618,mmartinez,DESKTOP-MB1MRSV,Temp Time Sheets 4-19.xlsx,2019-07-09T09:20:24,Print,,1,LETTER,4000,1,,
617,Jim Bennett,DESKTOP-PCGA97O,VERTILUX Mail - Re: Vertilux 2019 Refresh Assortment,2019-07-09T08:57:02,Print,,3,LETTER,4000,1,,
616,whs107,,DOC070819-003.pdf,2019-07-09T08:53:31,Print,,1,LETTER,4000,1,,
615,Jim Bennett,DESKTOP-PCGA97O,Test Page,2019-07-09T08:31:57,Print,,1,LETTER,4000,1,,
614,whs107,,README.pdf,2019-07-08T16:56:29,Print,,18,LETTER,4000,1,,
613,mora,,Crystal Reports - PORTRECBCURRENCY3D.RPT,2019-07-08T16:10:36,Print,,2,LETTER,4000,1,,
612,mora,,Crystal Reports - PORTRECBCURRENCY3D.RPT,2019-07-08T15:58:51,Print,,1,LETTER,4000,1,,
611,Ximena,DESKTOP-1T4K6FB,Remote Desktop Redirected Printer Doc,2019-07-08T15:58:16,Print,,1,LETTER,4000,1,,
610,Ximena,DESKTOP-1T4K6FB,SO544727 - PERU11.pdf,2019-07-08T15:56:30,Print,,1,LETTER,4000,1,,
609,whs107,,SO547089 - COLO34 (1).pdf,2019-07-08T15:22:12,Print,,1,LETTER,4000,1,,
608,whs107,,19070289.PDF,2019-07-08T14:44:55,Print,,2,LETTER,4000,1,,
607,whs107,,CO UI1345 ARG.xls,2019-07-08T14:44:20,Print,,1,LETTER,4000,1,,
606,whs107,,PL UI1345 ARG.xls,2019-07-08T14:43:52,Print,,1,LETTER,4000,1,,
605,whs107,,INV UI1345 ARG.xls,2019-07-08T14:43:23,Print,,1,LETTER,4000,1,,
604,whs107,,HBL SE070111.pdf,2019-07-08T14:42:07,Print,,1,LETTER,4000,1,,
603,whs107,,CO UI1343 MEX.xls,2019-07-08T14:41:41,Print,,1,LETTER,4000,1,,
602,whs107,,PL UI1343 MEX.xls,2019-07-08T14:41:10,Print,,1,LETTER,4000,1,,
601,whs107,,INV UI1343 MEX.xls,2019-07-08T14:40:34,Print,,1,LETTER,4000,1,,
600,mora,,SAP Crystal Reports - ,2019-07-08T13:33:08,Print,,1,LETTER,4000,1,,
599,Edwin,DESKTOP-9RMVS1T,BROV-1018 0-151-AL-OVXYY.pdf,2019-07-08T13:32:45,Print,,1,LETTER,4000,1,,
597,whs107,,PACKLING LIST America-ECUADOR.xls,2019-07-08T10:47:15,Print,,1,LETTER,4000,1,,
596,mora,,Crystal Reports - PORTRECBCURRENCY3D.RPT,2019-07-08T10:46:23,Print,,1,LETTER,4000,1,,
595,mora,,SAP Crystal Reports - ,2019-07-08T10:24:29,Print,,1,LETTER,4000,1,,
594,Edwin,DESKTOP-9RMVS1T,school profile.pdf,2019-07-08T10:04:15,Print,,2,LETTER,4000,1,,
593,Edwin,DESKTOP-9RMVS1T,Dual Enrollment and Early Admissions.pdf,2019-07-08T09:59:55,Print,,2,LETTER,4000,1,,
592,Edwin,DESKTOP-9RMVS1T,Accreditation - FLVS,2019-07-08T09:44:25,Print,,2,LETTER,4000,1,,
591,whs107,,DISCOUNT OF TAX.xlsx,2019-07-08T09:43:22,Print,,1,LETTER,4000,1,,
590,whs107,,SKM_22719070518470.pdf,2019-07-08T09:26:06,Print,,1,LETTER,4000,1,,
589,whs107,,Microsoft Word - ISF NBYE064050D YONGSHUN.doc,2019-07-08T09:25:09,Print,,1,LETTER,4000,1,,
588,whs107,,Yongshun Copy of CI+PL+DPL for 62502 99_.xls,2019-07-08T09:24:40,Print,,1,LETTER,4000,1,,
587,whs107,,Yongshun Copy of CI+PL+DPL for 62502 99_.xls,2019-07-08T09:24:16,Print,,1,LETTER,4000,1,,
586,whs107,,Microsoft Word - ISF NBYE064050B-CHENHONG.doc,2019-07-08T09:23:04,Print,,1,LETTER,4000,1,,
585,whs107,,CH190629-PO62463.xls,2019-07-08T09:21:01,Print,,1,LETTER,4000,1,,
584,whs107,,CH190629-PO62463.xls,2019-07-08T09:20:50,Print,,1,LETTER,4000,1,,
583,mmartinez,DESKTOP-MB1MRSV,69601366.pdf,2019-07-05T16:18:58,Print,,1,LETTER,4000,1,,
582,mmartinez,DESKTOP-MB1MRSV,ManualCheck (19).pdf,2019-07-05T16:07:56,Print,,1,LETTER,4000,1,,
581,whs107,,INVOICE   America-ECUADOR.xls,2019-07-05T15:57:02,Print,,1,LETTER,4000,1,,
580,whs107,,inv-2019070501.pdf,2019-07-05T15:55:54,Print,,4,LETTER,4000,1,,
579,whs107,,isf for inv2019070501.xls,2019-07-05T15:54:47,Print,,2,LETTER,4000,1,,
578,mmartinez,DESKTOP-MB1MRSV,https://workforcenow.adp.com/wfn/payrol...tiPrintGoodResultRealPrintWindow.faces,2019-07-05T15:53:02,Print,,2,LETTER,4000,1,,
577,Edwin,DESKTOP-9RMVS1T,CustomsInvoice_4866468854.pdf,2019-07-05T15:48:04,Print,,1,LETTER,4000,1,,
576,Edwin,DESKTOP-9RMVS1T,TransportLabel_4866468854.pdf,2019-07-05T15:47:44,Print,,1,LETTER,4000,1,,
575,Edwin,DESKTOP-9RMVS1T,TransportLabel_4866468854.pdf,2019-07-05T15:47:42,Print,,1,LETTER,4000,1,,
574,Edwin,DESKTOP-9RMVS1T,CustomsInvoice_4866468854.pdf,2019-07-05T15:45:39,Print,,1,LETTER,4000,1,,
573,Edwin,DESKTOP-9RMVS1T,ArchiveDoc_4866468854.pdf,2019-07-05T15:45:36,Print,,1,LETTER,4000,1,,
572,Edwin,DESKTOP-9RMVS1T,TransportLabel_4866468854.pdf,2019-07-05T15:45:34,Print,,1,LETTER,4000,1,,
571,Edwin,DESKTOP-9RMVS1T,ShipmentReceipt_4866468854.pdf,2019-07-05T15:45:32,Print,,1,LETTER,4000,1,,
570,Edwin,DESKTOP-9RMVS1T,Mail - Re: Cotización Tubos de Aluminio,2019-07-05T15:27:31,Print,,1,LETTER,4000,1,,
568,mmartinez,DESKTOP-MB1MRSV,Time Sheet Araibis Martin y Zoraya Alvarez.xlsx,2019-07-05T13:02:55,Print,,1,LETTER,4000,1,,
567,mmartinez,DESKTOP-MB1MRSV,Time Sheet Araibis Martin y Zoraya Alvarez.xlsx,2019-07-05T13:02:44,Print,,1,LETTER,4000,1,,
566,Ximena,DESKTOP-1T4K6FB,SO547355.pdf,2019-07-05T11:38:17,Print,,1,LETTER,4000,1,,
565,Ximena,DESKTOP-1T4K6FB,SO547354.pdf,2019-07-05T11:38:05,Print,,1,LETTER,4000,1,,
564,mmartinez,DESKTOP-MB1MRSV,Temp Time Sheets 4-19.xlsx,2019-07-05T11:08:07,Print,,1,LETTER,4000,1,,
563,mmartinez,DESKTOP-MB1MRSV,Microsoft Outlook - Memo Style,2019-07-05T11:04:14,Print,,2,LETTER,4000,1,,
562,mmartinez,DESKTOP-MB1MRSV,Temp Time Sheets 4-19.xlsx,2019-07-05T11:02:08,Print,,2,LETTER,4000,1,,
561,whs107,,Microsoft Word - ISF -PO 62306(2)62391 America-MIAMI  ETD10 JULY.doc,2019-07-05T10:12:12,Print,,1,LETTER,4000,1,,
560,whs107,,PACKING LIST PO 62306(2)62391 America-MIAMI  ETD10 JULY.xls,2019-07-05T10:11:26,Print,,1,LETTER,4000,1,,
559,whs107,,INVOICE PO 62306(2)62391 America-MIAMI  ETD10 JULY.xls,2019-07-05T10:10:45,Print,,1,LETTER,4000,1,,
558,whs107,,Microsoft Word - LANDER ISF 2019.7.10 on board.doc,2019-07-05T10:10:07,Print,,1,LETTER,4000,1,,
557,whs107,,INV-PO62544.xls,2019-07-05T10:09:28,Print,,1,LETTER,4000,1,,
556,whs107,,PKL-PO62544.xls,2019-07-05T10:08:45,Print,,1,LETTER,4000,1,,
555,whs107,,Microsoft Word - LANDER ISF 2019.7.10 on board.doc,2019-07-05T10:06:47,Print,,1,LETTER,4000,1,,
554,whs107,,INV-PO62619.xls,2019-07-05T10:05:46,Print,,1,LETTER,4000,1,,
553,whs107,,PKL-PO62619.xls,2019-07-05T10:04:42,Print,,1,LETTER,4000,1,,
552,whs107,,PKL-PO62619.xls,2019-07-05T10:04:15,Print,,1,LETTER,4000,1,,
551,whs107,,Microsoft Word - LANDER ISF 2019.7.10 on board.doc,2019-07-05T10:03:31,Print,,1,LETTER,4000,1,,
550,whs107,,Image050719131128.pdf,2019-07-05T09:31:16,Print,,1,LETTER,4000,1,,
549,whs107,,Image050719123743.pdf,2019-07-05T09:30:50,Print,,1,LETTER,4000,1,,
548,whs107,,FRA 9663.xlsx,2019-07-05T09:18:34,Print,,1,LETTER,4000,1,,
547,mmartinez,DESKTOP-MB1MRSV,4-25957 vertilux we 06.23.2019.pdf,2019-07-05T09:11:03,Print,,2,LETTER,4000,1,,
544,christianf,CHRISTIAN,Correo: Christian Flebbe - Outlook,2019-07-03T16:48:26,Print,,2,LETTER,4000,1,,
543,,,,2019-07-03T16:10:29,Copy,,1,LETTER,4000,2,,
542,,,,2019-07-03T16:10:17,Copy,,1,LETTER,4000,1,,
540,lepepe,,Microsoft Word - Purcasing Dept..doc,2019-07-03T15:59:54,Print,,38,LETTER,4000,1,,
539,Edwin,DESKTOP-9RMVS1T,CustomsInvoice_7918534212.pdf,2019-07-03T15:43:34,Print,,1,LETTER,4000,1,,
538,Edwin,DESKTOP-9RMVS1T,ArchiveDoc_7918534212.pdf,2019-07-03T15:43:32,Print,,1,LETTER,4000,1,,
537,Edwin,DESKTOP-9RMVS1T,TransportLabel_7918534212.pdf,2019-07-03T15:43:30,Print,,1,LETTER,4000,1,,
536,Edwin,DESKTOP-9RMVS1T,ShipmentReceipt_7918534212.pdf,2019-07-03T15:43:28,Print,,1,LETTER,4000,1,,
535,whs107,,CN#3852 07.03.19 ZHEJIANG XIDAMEN NEW MATERIAL CO. LTD. (AEREO) PO61960 NW.pdf,2019-07-03T15:26:04,Print,,5,LETTER,4000,1,,
534,mora,,Crystal Reports - PORTRECBCURRENCY3D.RPT,2019-07-03T14:53:39,Print,,1,LETTER,4000,1,,
531,mora,,Crystal Reports - PORTRECBCURRENCY3D.RPT,2019-07-03T14:49:32,Print,,1,LETTER,4000,1,,
530,mora,,Crystal Reports - PORTRECBCURRENCY3D.RPT,2019-07-03T13:27:50,Print,,1,LETTER,4000,1,,
529,christianf,CHRISTIAN,143a8234-2dfa-4d72-838f-8a720a353680 (002).JPG,2019-07-03T13:23:18,Print,,1,LETTER,4000,1,,
528,Ximena,DESKTOP-1T4K6FB,20190703 vertilux proforma invoice pe 3254 (1).pdf,2019-07-03T13:18:43,Print,,2,LETTER,4000,1,,
527,mora,,Crystal Reports - PORTRECBCURRENCY3D.RPT,2019-07-03T13:08:46,Print,,1,LETTER,4000,1,,
526,mmartinez,DESKTOP-MB1MRSV,ADP,2019-07-03T12:34:59,Print,,1,LETTER,4000,1,,
525,mmartinez,DESKTOP-MB1MRSV,ADP,2019-07-03T12:34:42,Print,,1,LETTER,4000,1,,
524,mmartinez,DESKTOP-MB1MRSV,ADP,2019-07-03T12:34:26,Print,,1,LETTER,4000,1,,
523,whs107,,MONTILVA FAUSTA CCS MIA.pdf,2019-07-03T12:24:40,Print,,2,LETTER,4000,1,,
522,whs107,,RAMIREZ JULIETA CCS MIA.pdf,2019-07-03T12:24:16,Print,,2,LETTER,4000,1,,
519,Edwin,DESKTOP-9RMVS1T,Mail - The situation of the PO62258,2019-07-03T12:09:18,Print,,1,LETTER,4000,1,,
518,whs107,,Microsoft Outlook - Memo Style,2019-07-03T12:01:15,Print,,1,LETTER,4000,1,,
517,mora,,Crystal Reports - PORTRECBCURRENCY3D.RPT,2019-07-03T11:48:53,Print,,1,LETTER,4000,1,,
516,mora,,Crystal Reports - PORTRECBCURRENCY3D.RPT,2019-07-03T11:48:44,Print,,1,LETTER,4000,1,,
515,mora,,Crystal Reports - PORTRECBCURRENCY3D.RPT,2019-07-03T10:31:30,Print,,1,LETTER,4000,1,,
514,whs107,,CN#3863 07.03.19 VERTISOL INTERNACIONAL SRL. (AEREO) PO62304-62550 FAC001913.pdf,2019-07-03T10:16:46,Print,,5,LETTER,4000,1,,
513,whs107,,Microsoft Outlook - Memo Style,2019-07-03T09:49:15,Print,,3,LETTER,4000,1,,
512,Ximena,DESKTOP-1T4K6FB,20190703 vertilux proforma invoice pe 3254 (1).pdf,2019-07-03T08:54:43,Print,,2,LETTER,4000,1,,
511,Edwin,DESKTOP-9RMVS1T,19-72KA[58767].pdf,2019-07-02T18:22:37,Print,,1,LETTER,4000,1,,
510,Edwin,DESKTOP-9RMVS1T,19-71KA-Model[58765].pdf,2019-07-02T18:22:25,Print,,1,LETTER,4000,1,,
509,Edwin,DESKTOP-9RMVS1T,19-70KA-Model[58763].pdf,2019-07-02T18:22:01,Print,,1,LETTER,4000,1,,
508,Edwin,DESKTOP-9RMVS1T,19-69KA-Model[58761].pdf,2019-07-02T18:21:43,Print,,1,LETTER,4000,1,,
507,Edwin,DESKTOP-9RMVS1T,19-68KA-Model[58759].pdf,2019-07-02T18:21:32,Print,,1,LETTER,4000,1,,
506,Edwin,DESKTOP-9RMVS1T,19-67KA-Model[58757].pdf,2019-07-02T18:21:16,Print,,1,LETTER,4000,1,,
505,Edwin,DESKTOP-9RMVS1T,19-66KA-Model[58755].pdf,2019-07-02T18:21:04,Print,,1,LETTER,4000,1,,
504,Edwin,DESKTOP-9RMVS1T,19-64KA-Model[58751].pdf,2019-07-02T18:20:43,Print,,1,LETTER,4000,1,,
503,Edwin,DESKTOP-9RMVS1T,19-71KA-Model[59074].pdf,2019-07-02T18:20:24,Print,,1,LETTER,4000,1,,
502,Edwin,DESKTOP-9RMVS1T,19-65KA-Model[58753].pdf,2019-07-02T18:20:09,Print,,1,LETTER,4000,1,,
501,whs107,,Microsoft Outlook - Memo Style,2019-07-02T16:46:22,Print,,2,LETTER,4000,1,,
500,mora,,Crystal Reports - PORTRECBCURRENCY3D.RPT,2019-07-02T16:44:30,Print,,1,LETTER,4000,1,,
499,christianf,CHRISTIAN,SO GP ANALYSIS SO547219.pdf,2019-07-02T16:31:44,Print,,1,LETTER,4000,1,,
498,christianf,CHRISTIAN,SO GP ANALYSIS SO547224.pdf,2019-07-02T16:20:30,Print,,1,LETTER,4000,1,,
497,whs107,,Microsoft Outlook - Memo Style,2019-07-02T15:35:05,Print,,2,LETTER,4000,1,,
496,catalina,,Microsoft Word - Document1,2019-07-02T11:52:33,Print,,1,LETTER,4000,1,,
495,Ximena,DESKTOP-1T4K6FB,Quote - Miami.rpt,2019-07-02T10:51:10,Print,,2,LETTER,4000,1,,
491,mmartinez,DESKTOP-MB1MRSV,Microsoft Outlook - Memo Style,2019-07-02T09:54:56,Print,,4,LETTER,4000,1,,
490,Ximena,DESKTOP-1T4K6FB,Equivalencias Vertilux - Siplan 02JUL19.pdf,2019-07-02T09:32:34,Print,,23,LETTER,4000,1,,
489,,,,2019-07-02T09:00:25,Copy,,1,LETTER,4000,1,,
488,mmartinez,DESKTOP-MB1MRSV,Temp Time Sheets 4-19.xlsx,2019-07-02T08:59:37,Print,,2,LETTER,4000,1,,
487,mmartinez,DESKTOP-MB1MRSV,3515_001.pdf,2019-07-01T18:32:34,Print,,48,LETTER,4000,1,,
486,mmartinez,DESKTOP-MB1MRSV,4-25895  vertilux we 06.16.19.pdf,2019-07-01T18:28:55,Print,,2,LETTER,4000,1,,
485,mmartinez,DESKTOP-MB1MRSV,69580954.pdf,2019-07-01T18:28:11,Print,,1,LETTER,4000,1,,
484,mmartinez,DESKTOP-MB1MRSV,ADP SecureMail - SR#3-48121762300 Address Change request,2019-07-01T18:20:34,Print,,2,LETTER,4000,1,,
483,mmartinez,DESKTOP-MB1MRSV,RUNWAYREWARDS Credit Card - Rewards,2019-07-01T18:02:13,Print,,1,LETTER,4000,1,,
482,christianf,CHRISTIAN,Correo: Christian Flebbe - Outlook,2019-07-01T17:28:31,Print,,2,LETTER,4000,1,,
481,mmartinez,DESKTOP-MB1MRSV,Microsoft Outlook - Memo Style,2019-07-01T16:46:11,Print,,2,LETTER,4000,1,,
480,mmartinez,DESKTOP-MB1MRSV,ManualCheck (18).pdf,2019-07-01T16:14:01,Print,,1,LETTER,4000,1,,
479,mmartinez,DESKTOP-MB1MRSV,https://workforcenow.adp.com/wfn/payrol...tiPrintGoodResultRealPrintWindow.faces,2019-07-01T15:38:27,Print,,2,LETTER,4000,1,,
478,whs107,,Microsoft Word - (ISF  ????7.3?  ).doc,2019-07-01T15:30:55,Print,,1,LETTER,4000,1,,
477,whs107,,VERTILUX PO62519 INVOICE.xls,2019-07-01T15:27:04,Print,,1,LETTER,4000,1,,
476,whs107,,VERTILUX PO62355 INVOICE.xls,2019-07-01T15:25:54,Print,,1,LETTER,4000,1,,
475,whs107,,Microsoft Outlook - Memo Style,2019-07-01T15:23:12,Print,,1,LETTER,4000,1,,
474,whs107,,inv-2019062801.pdf,2019-07-01T15:22:28,Print,,8,LETTER,4000,1,,
473,whs107,,isf for inv2019062801.xls,2019-07-01T15:21:29,Print,,2,LETTER,4000,1,,
472,mora,,Crystal Reports - PORTRECBCURRENCY3D.RPT,2019-07-01T13:14:00,Print,,1,LETTER,4000,1,,
471,mora,,Crystal Reports - PORTRECBCURRENCY3D.RPT,2019-07-01T13:11:15,Print,,1,LETTER,4000,1,,
470,mmartinez,DESKTOP-MB1MRSV,ManualCheck (17).pdf,2019-07-01T13:05:47,Print,,1,LETTER,4000,1,,
469,mmartinez,DESKTOP-MB1MRSV,ManualCheck (16).pdf,2019-07-01T12:55:26,Print,,1,LETTER,4000,1,,
468,catalina,,Assessment Data Report,2019-07-01T12:37:22,Print,,1,LETTER,4000,1,,
467,catalina,,Assessment Data Report,2019-07-01T12:36:32,Print,,1,LETTER,4000,1,,
466,mora,,Crystal Reports - PORTRECBCURRENCY3D.RPT,2019-07-01T12:23:40,Print,,1,LETTER,4000,1,,
465,mmartinez,DESKTOP-MB1MRSV,Microsoft Outlook - Memo Style,2019-07-01T11:43:23,Print,,1,LETTER,4000,1,,
464,mmartinez,DESKTOP-MB1MRSV,https://workforcenow.adp.com/wfn/payrol...tiPrintGoodResultRealPrintWindow.faces,2019-07-01T11:40:34,Print,,2,LETTER,4000,1,,
463,mmartinez,DESKTOP-MB1MRSV,https://workforcenow.adp.com/wfn/payrol...tiPrintGoodResultRealPrintWindow.faces,2019-07-01T11:32:34,Print,,2,LETTER,4000,1,,
462,mmartinez,DESKTOP-MB1MRSV,ManualCheck (15).pdf,2019-07-01T11:15:50,Print,,1,LETTER,4000,1,,
461,mmartinez,DESKTOP-MB1MRSV,https://workforcenow.adp.com/wfn/payrol...tiPrintGoodResultRealPrintWindow.faces,2019-07-01T10:30:30,Print,,2,LETTER,4000,1,,
460,mmartinez,DESKTOP-MB1MRSV,Microsoft Outlook - Memo Style,2019-07-01T10:17:38,Print,,1,LETTER,4000,1,,
459,Ximena,DESKTOP-1T4K6FB,SO GP ANALYSIS SO547045 D CORA.pdf,2019-07-01T09:38:41,Print,,1,LETTER,4000,1,,
458,Ximena,DESKTOP-1T4K6FB,SO GP ANALYSIS QT015410 D CORA.pdf,2019-07-01T09:38:24,Print,,1,LETTER,4000,1,,
457,Ximena,DESKTOP-1T4K6FB,SO GP ANALYSIS QT015408 D CORA.pdf,2019-07-01T09:37:52,Print,,2,LETTER,4000,1,,
456,whs107,,Microsoft Outlook - Memo Style,2019-07-01T08:54:29,Print,,9,LETTER,4000,1,,
455,christianf,CHRISTIAN,Microsoft Outlook - Memo Style,2019-06-28T16:21:13,Print,,1,LETTER,4000,1,,
454,,,,2019-06-28T15:00:58,Copy,,1,LETTER,4000,2,,
453,,,,2019-06-28T15:00:43,Copy,,1,LETTER,4000,1,,
452,Edwin,DESKTOP-9RMVS1T,ArchiveDoc_1562395752.pdf,2019-06-28T14:56:37,Print,,1,LETTER,4000,1,,
451,Edwin,DESKTOP-9RMVS1T,CustomsInvoice_1562395752.pdf,2019-06-28T14:56:25,Print,,1,LETTER,4000,1,,
450,Edwin,DESKTOP-9RMVS1T,ShipmentReceipt_1562395752.pdf,2019-06-28T14:56:11,Print,,1,LETTER,4000,1,,
449,Edwin,DESKTOP-9RMVS1T,TransportLabel_1562395752.pdf,2019-06-28T14:55:58,Print,,1,LETTER,4000,1,,
448,Edwin,DESKTOP-9RMVS1T,Mail - ***URGENTE *** Muestra de cassette sin tornillos para Ph,2019-06-28T13:12:04,Print,,2,LETTER,4000,1,,
447,Edwin,DESKTOP-9RMVS1T,ACFrOgDxjcYGvn-Ak4Vxk8l_WVcAjqOpNOR8-R4...-1Kr-_q5kpA6pgFM3z5MnfqVTWAwtBY1zNaaI=,2019-06-28T12:27:00,Print,,2,LETTER,4000,1,,
446,mora,,Crystal Reports - PORTRECBCURRENCY3D.RPT,2019-06-28T12:18:31,Print,,1,LETTER,4000,1,,
445,mora,,Crystal Reports - PORTRECBCURRENCY3D.RPT,2019-06-28T12:11:17,Print,,1,LETTER,4000,1,,
444,mora,,Crystal Reports - PORTRECBCURRENCY3D.RPT,2019-06-28T12:08:59,Print,,1,LETTER,4000,1,,
443,mora,,Crystal Reports - PORTRECBCURRENCY3D.RPT,2019-06-28T12:08:23,Print,,1,LETTER,4000,1,,
442,mora,,Crystal Reports - PORTRECBCURRENCY3D.RPT,2019-06-28T12:06:19,Print,,1,LETTER,4000,1,,
441,mora,,Crystal Reports - PORTRECBCURRENCY3D.RPT,2019-06-28T12:04:18,Print,,1,LETTER,4000,1,,
440,Edwin,DESKTOP-9RMVS1T,Master List,2019-06-28T12:01:34,Print,,9,LETTER,4000,1,,
438,whs107,,VERTILUX-TAMPA-190627-?.pdf,2019-06-28T10:29:57,Print,,5,LETTER,4000,1,,
437,whs107,,DRAFT HBL VERTISOL.PDF,2019-06-28T10:25:41,Print,,2,LETTER,4000,1,,
436,whs107,,DRAFT HBL SAULEDA.PDF,2019-06-28T10:25:10,Print,,1,LETTER,4000,1,,
435,whs107,,FAC-1900 loc99.pdf,2019-06-28T10:24:23,Print,,6,LETTER,4000,1,,
434,whs107,,FAC-1899 loc 99.pdf,2019-06-28T10:23:43,Print,,1,LETTER,4000,1,,
433,whs107,,Microsoft Outlook - Memo Style,2019-06-28T10:19:59,Print,,5,LETTER,4000,1,,
432,whs107,,Image280619131753.pdf,2019-06-28T10:16:21,Print,,3,LETTER,4000,1,,
431,whs107,,18041BC1.PDF,2019-06-28T10:15:43,Print,,1,LETTER,4000,1,,
430,mora,,Crystal Reports - PORTRECBCURRENCY3D.RPT,2019-06-28T09:25:17,Print,,1,LETTER,4000,1,,
429,mora,,Crystal Reports - PORTRECBCURRENCY3D.RPT,2019-06-28T09:19:33,Print,,2,LETTER,4000,1,,
428,mora,,Template for IC vs Sales.xlsx,2019-06-28T09:11:09,Print,,1,LETTER,4000,2,,
427,Edwin,DESKTOP-9RMVS1T,2324KA Model[58009].pdf,2019-06-27T15:03:00,Print,,1,LETTER,4000,1,,
426,Edwin,DESKTOP-9RMVS1T,2320KA Model[58010].pdf,2019-06-27T15:02:05,Print,,1,LETTER,4000,1,,
425,mora,,Crystal Reports - PORTRECBCURRENCY3D.RPT,2019-06-27T14:16:28,Print,,1,LETTER,4000,1,,
424,mora,,Crystal Reports - PORTRECBCURRENCY3D.RPT,2019-06-27T14:14:01,Print,,1,LETTER,4000,1,,
423,mora,,Crystal Reports - PORTRECBCURRENCY3D.RPT,2019-06-27T14:13:25,Print,,1,LETTER,4000,1,,
422,mora,,Crystal Reports - PORTRECBCURRENCY3D.RPT,2019-06-27T14:11:55,Print,,1,LETTER,4000,1,,
421,mora,,Crystal Reports - PORTRECBCURRENCY3D.RPT,2019-06-27T14:10:54,Print,,1,LETTER,4000,1,,
420,mora,,Crystal Reports - PORTRECBCURRENCY3D.RPT,2019-06-27T14:09:20,Print,,1,LETTER,4000,1,,
419,whs107,,NBYE063577B.pdf,2019-06-27T11:31:52,Print,,1,LETTER,4000,1,,
418,whs107,,PI PO 62639 ARG (003).pdf,2019-06-27T10:37:55,Print,,1,LETTER,4000,1,,
417,mora,,Crystal Reports - PORTRECBCURRENCY3D.RPT,2019-06-27T10:28:13,Print,,1,LETTER,4000,1,,
416,mora,,Crystal Reports - PORTRECBCURRENCY3D.RPT,2019-06-27T10:24:59,Print,,1,LETTER,4000,1,,
415,mora,,Crystal Reports - PORTRECBCURRENCY3D.RPT,2019-06-27T10:14:37,Print,,1,LETTER,4000,1,,
414,mora,,Template for IC vs Sales.xlsx,2019-06-27T09:47:16,Print,,1,LETTER,4000,3,,
413,whs107,,BL  PO# 62316 61960(2)62306(1)62321(2)62111(2)62202  America-MIAMI ETD26 JUNE.pdf,2019-06-27T09:03:27,Print,,1,LETTER,4000,1,,
412,whs107,,BL-PO61962(4)62112(2)62217(1)61763 ETD19 JUNE.pdf,2019-06-27T09:02:57,Print,,1,LETTER,4000,1,,
411,whs107,,BL-61708(3)62112(3)62335(1)62217(2) ETD26 JUNE.pdf,2019-06-27T09:02:27,Print,,1,LETTER,4000,1,,
410,whs107,,NBYE063702D.pdf,2019-06-27T09:01:55,Print,,1,LETTER,4000,1,,
409,whs107,,NBYE063702B.pdf,2019-06-27T09:01:24,Print,,1,LETTER,4000,1,,
408,whs107,,VERTILUX PO62662.pdf,2019-06-27T09:00:15,Print,,3,LETTER,4000,1,,
407,christianf,CHRISTIAN,Correo: Christian Flebbe - Outlook,2019-06-26T17:34:24,Print,,4,LETTER,4000,1,,
406,christianf,CHRISTIAN,LISTA PRECIOS TEJIDOS MÃÂXICO.PDF,2019-06-26T16:30:56,Print,,1,LETTER,4000,1,,
405,Edwin,DESKTOP-9RMVS1T,0-149-08-CAEXX_Drawing[58378].pdf,2019-06-26T15:22:08,Print,,1,LETTER,4000,1,,
404,mora,,Crystal Reports - PORTRECBCURRENCY3D.RPT,2019-06-26T14:59:29,Print,,1,LETTER,4000,1,,
403,Edwin,DESKTOP-9RMVS1T,Elite Cassette & End Cap.pdf,2019-06-26T13:59:30,Print,,1,LETTER,4000,1,,
402,Edwin,DESKTOP-9RMVS1T,Untitled,2019-06-26T13:57:53,Print,,1,LETTER,4000,1,,
400,whs107,,Microsoft Word - 9th Grade Summer Reading Questions Seven Habits.docx,2019-06-26T13:03:43,Print,,1,LETTER,4000,1,,
398,Ximena,DESKTOP-1T4K6FB,VERTILUX Mail - DECO BLINDS - COTIZACION - VERTILUX,2019-06-26T11:10:39,Print,,2,LETTER,4000,1,,
396,whs107,,DISCOUNT OF TAX.xlsx,2019-06-26T10:32:52,Print,,1,LETTER,4000,1,,
393,whs107,,Privacy Act Congresswoman Donna Shalala (FL-27).pdf,2019-06-26T08:50:34,Print,,2,LETTER,4000,1,,
392,christianf,CHRISTIAN,Microsoft Outlook - Memo Style,2019-06-25T18:39:56,Print,,1,LETTER,4000,1,,
391,,,,2019-06-25T17:03:54,Copy,,8,LETTER,4000,1,,
390,whs107,,Microsoft Outlook - Memo Style,2019-06-25T14:49:49,Print,,2,LETTER,4000,1,,
389,whs107,,Microsoft Outlook - Memo Style,2019-06-25T14:49:33,Print,,4,LETTER,4000,1,,
388,Ximena,DESKTOP-1T4K6FB,Remote Desktop Redirected Printer Doc,2019-06-25T14:38:32,Print,,8,LETTER,4000,1,,
387,Ximena,DESKTOP-1T4K6FB,Remote Desktop Redirected Printer Doc,2019-06-25T14:37:58,Print,,8,LETTER,4000,1,,
386,,,,2019-06-25T13:10:59,Copy,,1,LETTER,4000,1,,
384,mora,,Crystal Reports - PORTRECBCURRENCY3D.RPT,2019-06-25T12:30:57,Print,,1,LETTER,4000,1,,
383,whs107,,Image250619160734.pdf,2019-06-25T12:19:23,Print,,3,LETTER,4000,1,,
382,mora,,Crystal Reports - PORTRECBCURRENCY3D.RPT,2019-06-25T11:20:39,Print,,1,LETTER,4000,1,,
380,mora,,Crystal Reports - PORTRECBCURRENCY3D.RPT,2019-06-25T11:13:20,Print,,1,LETTER,4000,1,,
379,lepepe,,Currency Rates,2019-06-25T11:02:54,Print,,1,LETTER,4000,1,,
378,whs107,,Image250619145546.pdf,2019-06-25T10:55:28,Print,,11,LETTER,4000,1,,
377,christianf,CHRISTIAN,Microsoft Word - WELDING_MACHINES_EN2019,2019-06-25T09:00:00,Print,,6,LETTER,4000,1,,
376,christianf,CHRISTIAN,sales program and pricelist - revision d.d. 22.01.2019.pdf,2019-06-25T08:55:52,Print,,2,LETTER,4000,1,,
375,whs107,,credit - 24 June 2019.pdf,2019-06-24T16:03:46,Print,,1,LETTER,4000,1,,
374,whs107,,WXD19033 0524 - PL CI.xlsx,2019-06-24T12:47:38,Print,,1,LETTER,4000,1,,
373,whs107,,WXD19033 0524 - PL CI.xlsx,2019-06-24T12:47:20,Print,,1,LETTER,4000,1,,
372,whs107,,Microsoft Word - ISF NBYE063702G PO62508.doc,2019-06-24T12:46:12,Print,,1,LETTER,4000,1,,
371,whs107,,PACKING LIST  PO#61960(3)   America-MIAMI    24 JUNE.xls,2019-06-24T12:40:25,Print,,1,LETTER,4000,1,,
370,whs107,,INVOICE PO#61960(3)   America-MIAMI    24 JUNE.xls,2019-06-24T12:39:57,Print,,1,LETTER,4000,1,,
369,whs107,,AWB-PO#61960(3)   America-MIAMI   24 JUNE.pdf,2019-06-24T12:39:25,Print,,1,LETTER,4000,1,,
368,whs107,,INVOICE PO# 62316 61960(2)62306(1)62321(2)62111(2)62202  America-MIAMI ETD26 JUNE.xls,2019-06-24T12:37:59,Print,,1,LETTER,4000,1,,
367,whs107,,INVOICE PO# 62316 61960(2)62306(1)62321(2)62111(2)62202  America-MIAMI ETD26 JUNE.xls,2019-06-24T12:35:47,Print,,2,LETTER,4000,1,,
366,whs107,,PACKING LIST PO# 62316 61960(2)62306(1)62321(2)62111(2)62202  America-MIAMI ETD26 JUNE.xls,2019-06-24T12:35:16,Print,,1,LETTER,4000,1,,
365,whs107,,Microsoft Word - ISF PO# 62316 61960(2)62306(1)62321(2)62111(2)62202  America-MIAMI ETD26 JUNE.doc,2019-06-24T12:34:36,Print,,1,LETTER,4000,1,,
364,whs107,,PACKING LIST 61708(3)62112(3)62335(1)62217(2) ETD26 JUNE.xls,2019-06-24T12:33:51,Print,,1,LETTER,4000,1,,
363,whs107,,Microsoft Word - ISF 61708(3)62112(3)62335(1)62217(2) ETD26 JUNE.doc,2019-06-24T12:32:53,Print,,1,LETTER,4000,1,,
362,whs107,,INVOICE 61708(3)62112(3)62335(1)62217(2) ETD26 JUNE.xls,2019-06-24T12:32:17,Print,,1,LETTER,4000,1,,
361,whs107,,Microsoft Word - (ISF  ????6.26?  ).doc,2019-06-24T12:29:57,Print,,1,LETTER,4000,1,,
360,whs107,,VERTILUX PO62485 PACKING LIST.xls,2019-06-24T12:29:29,Print,,1,LETTER,4000,1,,
359,whs107,,VERTILUX PO62485 INVOICE.xls,2019-06-24T12:28:47,Print,,1,LETTER,4000,1,,
358,whs107,,VERTILUX PO62419 PACKING LIST.xls,2019-06-24T12:28:05,Print,,2,LETTER,4000,1,,
357,whs107,,VERTILUX PO62419 INVOICE.xls,2019-06-24T12:27:36,Print,,1,LETTER,4000,1,,
356,whs107,,VERTILUX PO62181 PACKING LIST.xls,2019-06-24T12:27:07,Print,,2,LETTER,4000,1,,
355,whs107,,VERTILUX PO62181 INVOICE.xls,2019-06-24T12:26:34,Print,,1,LETTER,4000,1,,
354,whs107,,INV-PO62507.xls,2019-06-24T12:24:37,Print,,2,LETTER,4000,1,,
353,whs107,,INV-PO62507.xls,2019-06-24T12:24:00,Print,,2,LETTER,4000,1,,
352,whs107,,PKL-PO62507.xls,2019-06-24T12:23:15,Print,,1,LETTER,4000,1,,
351,whs107,,PKL-PO62507.xls,2019-06-24T12:22:47,Print,,1,LETTER,4000,1,,
350,whs107,,Microsoft Word - LANDER ISF 2019.6.26 on board.doc,2019-06-24T12:22:10,Print,,1,LETTER,4000,1,,
349,whs107,,CI+PL+DPL for 62503 99e_.xls,2019-06-24T12:21:22,Print,,1,LETTER,4000,1,,
348,whs107,,CI+PL+DPL for 62503 99e_.xls,2019-06-24T12:21:03,Print,,1,LETTER,4000,1,,
347,whs107,,Microsoft Word - ISF NBYE063702E YONGSHUN.doc,2019-06-24T12:20:07,Print,,1,LETTER,4000,1,,
346,whs107,,Microsoft Word - To congresswoman letter.docx,2019-06-24T12:19:31,Print,,2,LETTER,4000,1,,
345,whs107,,Microsoft Word - ISF NBYE063702B NM.doc,2019-06-24T12:19:03,Print,,1,LETTER,4000,1,,
344,whs107,,packing list_.xlsx,2019-06-24T12:18:11,Print,,2,LETTER,4000,1,,
343,whs107,,CI-62467.xlsx,2019-06-24T12:17:16,Print,,1,LETTER,4000,1,,
342,Ximena,DESKTOP-1T4K6FB,Remote Desktop Redirected Printer Doc,2019-06-24T12:15:13,Print,,1,LETTER,4000,1,,
341,Ximena,DESKTOP-1T4K6FB,Remote Desktop Redirected Printer Doc,2019-06-24T12:13:18,Print,,1,LETTER,4000,1,,
340,whs107,,Microsoft Word - ISF NBYE063702F-????.doc,2019-06-24T12:13:15,Print,,1,LETTER,4000,1,,
339,whs107,,Invoicepl for VER-19001.pdf,2019-06-24T12:12:15,Print,,2,LETTER,4000,1,,
338,lepepe,,Sales Statistics,2019-06-24T12:07:53,Print,,1,LETTER,4000,1,,
337,whs107,,Microsoft Outlook - Memo Style,2019-06-24T12:07:49,Print,,5,LETTER,4000,1,,
336,whs107,,Microsoft Outlook - Memo Style,2019-06-24T12:03:30,Print,,3,LETTER,4000,1,,
335,whs107,,Sylux packing list#20190620.xls,2019-06-24T12:01:35,Print,,1,LETTER,4000,1,,
334,whs107,,Sylux  invoice#20190620.xls,2019-06-24T12:00:43,Print,,1,LETTER,4000,1,,
333,whs107,,Microsoft Word - SYLUX ISF form 62349.doc,2019-06-24T11:59:06,Print,,1,LETTER,4000,1,,
332,whs107,,Revised-isf for inv2019061401.xls,2019-06-24T11:55:45,Print,,2,LETTER,4000,1,,
331,whs107,,Microsoft Word - ISF-PO61962(4)62112(2)62217(1)61763 ETD19 JUNE.doc,2019-06-24T11:54:51,Print,,1,LETTER,4000,1,,
330,whs107,,Microsoft Word - NBYE063544C ISF-DOOYA.doc,2019-06-24T11:53:51,Print,,1,LETTER,4000,1,,
329,whs107,,Microsoft Outlook - Memo Style,2019-06-24T11:41:49,Print,,3,LETTER,4000,1,,
328,whs107,,Microsoft Outlook - Memo Style,2019-06-24T11:39:16,Print,,2,LETTER,4000,1,,
327,whs107,,Microsoft Outlook - Memo Style,2019-06-24T11:22:40,Print,,1,LETTER,4000,1,,
325,Edwin,DESKTOP-9RMVS1T,ACFrOgBuNGN79_XNQzd76OET67meBEsYedUWa2m...24HS4cGW_bg4Y2QaSdPQbbylcg-dotWO4mWQc=,2019-06-21T15:54:21,Print,,1,LETTER,4000,1,,
324,Ximena,DESKTOP-1T4K6FB,Remote Desktop Redirected Printer Doc,2019-06-21T15:32:18,Print,,2,LETTER,4000,1,,
323,edwin,VERTILUX.LTD,VTX3 - Pefiles.xlsx,2019-06-21T14:48:42,Print,,2,LETTER,4000,1,,
322,mobile,,Photo,2019-06-21T13:14:02,Print,,1,LETTER,4000,1,,
321,edwin,VERTILUX.LTD,VTX - Perfiles.xls,2019-06-21T12:35:18,Print,,2,LETTER,4000,1,,
320,edwin,VERTILUX.LTD,GVA - Perfiles.xls,2019-06-21T10:09:37,Print,,1,LETTER,4000,1,,
319,edwin,VERTILUX.LTD,GENSA - Perfiles.xls,2019-06-21T09:39:15,Print,,1,LETTER,4000,1,,
318,Edwin,DESKTOP-9RMVS1T,ACFrOgBZ9Lg3kINgAQ520RUpknphOR_7wFxtW37...qFC1r-8e86FvcuSaVKlkX4G-xkQrw5D8id6Bw=,2019-06-21T08:48:38,Print,,1,LETTER,4000,1,,
314,mmartinez,DESKTOP-MB1MRSV,ADP,2019-06-20T14:29:12,Print,,2,LETTER,4000,1,,
313,mmartinez,DESKTOP-MB1MRSV,4-25834 vertilux we 06.09.19.pdf,2019-06-20T11:08:07,Print,,1,LETTER,4000,1,,
312,mmartinez,DESKTOP-MB1MRSV,Temp Time Sheets 4-19.xlsx,2019-06-20T10:58:52,Print,,2,LETTER,4000,1,,
311,mmartinez,DESKTOP-MB1MRSV,ManualCheck (14).pdf,2019-06-20T10:48:47,Print,,1,LETTER,4000,1,,
310,mmartinez,DESKTOP-MB1MRSV,https://workforcenow.adp.com/wfn/payrol...tiPrintGoodResultRealPrintWindow.faces,2019-06-20T10:38:47,Print,,2,LETTER,4000,1,,
309,Edwin,DESKTOP-9RMVS1T,Vertilux - Offer[51846].pdf,2019-06-20T09:13:08,Print,,1,LETTER,4000,1,,
308,mmartinez,DESKTOP-MB1MRSV,jmbahj1lfmt.pdf,2019-06-19T16:55:20,Print,,6,LETTER,4000,1,,
307,mmartinez,DESKTOP-MB1MRSV,Microsoft Outlook - Memo Style,2019-06-19T15:47:13,Print,,1,LETTER,4000,1,,
306,Edwin,DESKTOP-9RMVS1T,Mail - Re: 0-151-01-001GR Rollux - Chain Child Safety Device Gr,2019-06-19T15:39:13,Print,,2,LETTER,4000,1,,
305,Edwin,DESKTOP-9RMVS1T,VR 0-159-AL-0003W.pdf,2019-06-19T13:27:03,Print,,1,LETTER,4000,1,,
304,Edwin,DESKTOP-9RMVS1T,VTX- 3in Round Fascia.pdf,2019-06-19T13:18:36,Print,,1,LETTER,4000,1,,
303,Edwin,DESKTOP-9RMVS1T,VTX- 3in Round Fascia.pdf,2019-06-19T13:18:24,Print,,1,LETTER,4000,1,,
302,Edwin,DESKTOP-9RMVS1T,VTX-Round Cassette 100.pdf,2019-06-19T11:51:47,Print,,1,LETTER,4000,1,,
301,Edwin,DESKTOP-9RMVS1T,ACFrOgC8Ks4lxtpaif_1gLmV_d9X0uFLehbxXuK...doN00-yRy2O0Ml9qroZAel4DPMjyDsV0lsKOc=,2019-06-19T11:47:11,Print,,1,LETTER,4000,1,,
300,mmartinez,DESKTOP-MB1MRSV,Microsoft Outlook - Memo Style,2019-06-19T10:29:35,Print,,1,LETTER,4000,1,,
299,mmartinez,DESKTOP-MB1MRSV,2648_001.pdf,2019-06-18T15:46:05,Print,,43,LETTER,4000,1,,
298,Edwin,DESKTOP-9RMVS1T,Price List - Matrix Ellipse Track.xls,2019-06-18T11:42:27,Print,,12,LETTER,4000,1,,
297,Edwin,DESKTOP-9RMVS1T,VERTILUX Mail - Re: RE: Work Order#5035-0154CLV30BK(Core Cover Dimesion),2019-06-17T17:59:43,Print,,12,LETTER,4000,1,,
296,Edwin,DESKTOP-9RMVS1T,VERTILUX Mail - FW: RE: VTX20-30 Clutches,2019-06-17T17:57:03,Print,,3,LETTER,4000,1,,
295,mmartinez,DESKTOP-MB1MRSV,ManualCheck (13).pdf,2019-06-17T17:27:55,Print,,1,LETTER,4000,1,,
294,mmartinez,DESKTOP-MB1MRSV,ManualCheck (13).pdf,2019-06-17T17:26:52,Print,,1,LETTER,4000,1,,
293,Edwin,DESKTOP-9RMVS1T,image1.png,2019-06-17T17:24:55,Print,,1,LETTER,4000,1,,
292,Edwin,DESKTOP-9RMVS1T,Review Selections - STRAD,2019-06-17T17:22:40,Print,,1,LETTER,4000,1,,
291,mmartinez,DESKTOP-MB1MRSV,ManualCheck (12).pdf,2019-06-17T17:21:10,Print,,1,LETTER,4000,1,,
290,Edwin,DESKTOP-9RMVS1T,Review Selections - STRAD,2019-06-17T17:20:22,Print,,1,LETTER,4000,1,,
289,Edwin,DESKTOP-9RMVS1T,ACFrOgAUnfzm1IYoaaqZGm2xP17gwmsCFdxi1nK...fJwlVRTAjhLob1j5mI1wPeOSnCZWxR14UK4e4=,2019-06-17T17:17:33,Print,,2,LETTER,4000,1,,
288,mmartinez,DESKTOP-MB1MRSV,Janitorial.xlsx,2019-06-17T16:39:07,Print,,1,LETTER,4000,1,,
287,mmartinez,DESKTOP-MB1MRSV,Microsoft Outlook - Memo Style,2019-06-17T14:56:10,Print,,1,LETTER,4000,1,,
286,mmartinez,DESKTOP-MB1MRSV,https://workforcenow.adp.com/wfn/payrol...tiPrintGoodResultRealPrintWindow.faces,2019-06-17T14:52:08,Print,,2,LETTER,4000,1,,
285,mmartinez,DESKTOP-MB1MRSV,Microsoft Outlook - Memo Style,2019-06-17T14:45:06,Print,,3,LETTER,4000,1,,
284,mmartinez,DESKTOP-MB1MRSV,https://workforcenow.adp.com/wfn/payrol...tiPrintGoodResultRealPrintWindow.faces,2019-06-17T14:44:41,Print,,2,LETTER,4000,1,,
283,mmartinez,DESKTOP-MB1MRSV,PublicCredit-06172019084947.pdf,2019-06-17T11:31:40,Print,,1,LETTER,4000,1,,
282,Edwin,DESKTOP-9RMVS1T,Mail - FW: Felpa queja,2019-06-17T10:57:05,Print,,2,LETTER,4000,1,,
281,edwin,VERTILUX.LTD,sales program and pricelist.pdf,2019-06-17T10:29:17,Print,,2,LETTER,4000,1,,
280,lepepe,,Vertilux Blinds & Shades® | Receiving Control: 3784,2019-06-14T14:54:55,Print,,3,LETTER,4000,1,,
279,mmartinez,DESKTOP-MB1MRSV,2648_001.pdf,2019-06-14T14:54:49,Print,,43,LETTER,4000,1,,
277,mmartinez,DESKTOP-MB1MRSV,Araibis Martin  Zoraya Alvarez Iyevi Mederos.xlsx,2019-06-14T11:46:48,Print,,1,LETTER,4000,1,,
276,mmartinez,DESKTOP-MB1MRSV,Araibis Martin  Zoraya Alvarez Iyevi Mederos.xlsx,2019-06-14T11:46:33,Print,,1,LETTER,4000,1,,
275,mmartinez,DESKTOP-MB1MRSV,Araibis Martin  Zoraya Alvarez Iyevi Mederos.xlsx,2019-06-14T11:46:31,Print,,1,LETTER,4000,1,,
272,mmartinez,DESKTOP-MB1MRSV,ManualCheck (11).pdf,2019-06-13T17:09:36,Print,,1,LETTER,4000,1,,
271,mmartinez,DESKTOP-MB1MRSV,https://workforcenow.adp.com/wfn/payrol...tiPrintGoodResultRealPrintWindow.faces,2019-06-13T16:35:47,Print,,2,LETTER,4000,1,,
270,christianf,CHRISTIAN,IN549083.pdf,2019-06-13T15:13:02,Print,,1,LETTER,4000,1,,
269,christianf,CHRISTIAN,IN549081.pdf,2019-06-13T15:06:06,Print,,1,LETTER,4000,1,,
268,christianf,CHRISTIAN,Microsoft Outlook - Memo Style,2019-06-13T14:01:43,Print,,1,LETTER,4000,1,,
267,christianf,CHRISTIAN,Microsoft Outlook - Memo Style,2019-06-13T14:01:30,Print,,1,LETTER,4000,1,,
266,christianf,CHRISTIAN,Microsoft Outlook - Memo Style,2019-06-13T14:01:15,Print,,1,LETTER,4000,1,,
265,christianf,CHRISTIAN,Microsoft Outlook - Memo Style,2019-06-13T14:01:00,Print,,1,LETTER,4000,1,,
264,christianf,CHRISTIAN,Microsoft Outlook - Memo Style,2019-06-13T14:00:07,Print,,1,LETTER,4000,1,,
263,christianf,CHRISTIAN,Wells Fargo,2019-06-13T13:58:57,Print,,1,LETTER,4000,1,,
262,christianf,CHRISTIAN,Wells Fargo,2019-06-13T13:51:37,Print,,8,LETTER,4000,1,,
261,christianf,CHRISTIAN,Wells Fargo,2019-06-13T13:51:06,Print,,3,LETTER,4000,1,,
260,christianf,CHRISTIAN,Microsoft Outlook - Memo Style,2019-06-13T10:08:15,Print,,1,LETTER,4000,1,,
259,christianf,CHRISTIAN,Microsoft Outlook - Memo Style,2019-06-13T10:08:05,Print,,2,LETTER,4000,1,,
258,Ximena,DESKTOP-1T4K6FB,Quote - Miami.rpt,2019-06-13T09:40:55,Print,,1,LETTER,4000,1,,
257,mmartinez,DESKTOP-MB1MRSV,DOC061219-002.pdf,2019-06-13T09:38:04,Print,,1,LETTER,4000,1,,
254,,,,2019-06-12T17:42:14,Copy,,10,LETTER,4000,1,,
253,christianf,CHRISTIAN,Microsoft Outlook - Memo Style,2019-06-12T16:43:00,Print,,2,LETTER,4000,1,,
252,Ximena,DESKTOP-1T4K6FB,Remote Desktop Redirected Printer Doc,2019-06-12T15:58:39,Print,,1,LETTER,4000,1,,
251,Ximena,DESKTOP-1T4K6FB,Remote Desktop Redirected Printer Doc,2019-06-12T15:57:30,Print,,1,LETTER,4000,1,,
250,Ximena,DESKTOP-1T4K6FB,Remote Desktop Redirected Printer Doc,2019-06-12T15:56:21,Print,,1,LETTER,4000,1,,
249,mmartinez,DESKTOP-MB1MRSV,Fathers Day List.xls,2019-06-12T14:51:21,Print,,2,LETTER,4000,1,,
247,Ximena,DESKTOP-1T4K6FB,VERTILUX Mail - RE: Consulta para DERCH...are Parts quotation for DX-520 Machine,2019-06-12T12:06:48,Print,,1,LETTER,4000,1,,
245,mmartinez,DESKTOP-MB1MRSV,Microsoft Outlook - Memo Style,2019-06-12T10:49:13,Print,,1,LETTER,4000,1,,
244,mmartinez,DESKTOP-MB1MRSV,Commissions 1st Qtr-2019 Marcus Mescall.xlsx,2019-06-12T10:41:40,Print,,2,LETTER,4000,1,,
243,mmartinez,DESKTOP-MB1MRSV,Microsoft Outlook - Memo Style,2019-06-12T10:41:04,Print,,6,LETTER,4000,1,,
242,mmartinez,DESKTOP-MB1MRSV,Marcus 1st QTR - 2019  Marcus Mescall - Fabricators (1).xlsx,2019-06-12T10:37:39,Print,,2,LETTER,4000,1,,
241,mmartinez,DESKTOP-MB1MRSV,Microsoft Outlook - Memo Style,2019-06-12T10:37:21,Print,,2,LETTER,4000,1,,
240,,,,2019-06-11T16:59:41,Copy,,10,LETTER,4000,1,,
239,,,,2019-06-11T16:58:13,Copy,,10,LETTER,4000,1,,
238,,,,2019-06-11T16:57:34,Copy,,10,LETTER,4000,1,,
237,,,,2019-06-11T16:56:03,Copy,,10,LETTER,4000,1,,
236,edwin,VERTILUX.LTD,threetubes.pdf,2019-06-11T16:54:02,Print,,1,LETTER,4000,1,,
235,christianf,CHRISTIAN,Upcoming Reservation Detail,2019-06-11T12:32:16,Print,,1,LETTER,4000,1,,
233,christianf,CHRISTIAN,Microsoft Outlook - Memo Style,2019-06-11T11:53:37,Print,,1,LETTER,4000,1,,
232,Edwin,DESKTOP-9RMVS1T,0-151-AL-OVXYY Hem Bar,2019-06-11T11:45:50,Print,,1,LETTER,4000,1,,
231,Edwin,DESKTOP-9RMVS1T,0-151-AL-OVXYY Hem Bar,2019-06-11T11:43:19,Print,,1,LETTER,4000,1,,
230,Edwin,DESKTOP-9RMVS1T,ON FRAME MOUNT ROLLER BLINDS WITH A SPRING DRIVE,2019-06-11T11:41:28,Print,,1,LETTER,4000,1,,
229,Edwin,DESKTOP-9RMVS1T,Price List - FIT Chainless System.xlsx,2019-06-11T10:59:29,Print,,2,LETTER,4000,1,,
228,mmartinez,DESKTOP-MB1MRSV,Temp Time Sheets 4-19.xlsx,2019-06-11T10:52:30,Print,,2,LETTER,4000,1,,
227,mmartinez,DESKTOP-MB1MRSV,4-25764 vertilux we 06.02.19.pdf,2019-06-11T10:18:01,Print,,2,LETTER,4000,1,,
226,mmartinez,DESKTOP-MB1MRSV,qiulin vacations.pdf,2019-06-11T10:17:19,Print,,1,LETTER,4000,1,,
224,lepepe,,Vertilux Accpac,2019-06-10T14:33:36,Print,,1,LETTER,4000,1,,
223,Edwin,DESKTOP-9RMVS1T,Soportes de estores (15)[49747].pdf,2019-06-10T13:39:58,Print,,8,LETTER,4000,1,,
222,mmartinez,DESKTOP-MB1MRSV,MemoryTransmissionReport-06102019112052.pdf,2019-06-10T11:18:12,Print,,1,LETTER,4000,1,,
220,mmartinez,DESKTOP-MB1MRSV,DOC060719-L1.pdf,2019-06-07T17:00:37,Print,,1,LETTER,4000,1,,
218,mmartinez,DESKTOP-MB1MRSV,Microsoft Word - QUIT-FF-Health-Claimant 5349918,2019-06-07T16:12:03,Print,,2,LETTER,4000,1,,
217,mmartinez,DESKTOP-MB1MRSV,Microsoft Word - QUIT-FF-Health-Claimant 5349918,2019-06-07T16:07:12,Print,,2,LETTER,4000,1,,
216,mmartinez,DESKTOP-MB1MRSV,2326_001.pdf,2019-06-07T12:25:33,Print,,35,LETTER,4000,1,,
215,mmartinez,DESKTOP-MB1MRSV,TRO SOD Quarterly (7).pdf,2019-06-07T12:14:34,Print,,27,LETTER,4000,1,,
214,mmartinez,DESKTOP-MB1MRSV,TRO Employee Wage Detail State (8).pdf,2019-06-07T11:58:03,Print,,12,LETTER,4000,1,,
213,mmartinez,DESKTOP-MB1MRSV,TRO Employee Wage Detail Local (6).pdf,2019-06-07T11:50:36,Print,,2,LETTER,4000,1,,
212,Ximena,DESKTOP-1T4K6FB,Confirm your ticket purchase | LATAM Airlines.,2019-06-07T11:27:00,Print,,2,LETTER,4000,1,,
210,mmartinez,DESKTOP-MB1MRSV,Araibis Martin  Zoraya Alvarez Iyevi Mederos.xlsx,2019-06-07T10:52:49,Print,,1,LETTER,4000,1,,
209,mmartinez,DESKTOP-MB1MRSV,Araibis Martin  Zoraya Alvarez Iyevi Mederos.xlsx,2019-06-07T10:52:35,Print,,1,LETTER,4000,1,,
208,mmartinez,DESKTOP-MB1MRSV,Araibis Martin  Zoraya Alvarez Iyevi Mederos.xlsx,2019-06-07T10:52:26,Print,,1,LETTER,4000,1,,
207,mmartinez,DESKTOP-MB1MRSV,Temp Time Sheets 4-19.xlsx,2019-06-07T10:08:11,Print,,1,LETTER,4000,1,,
206,mmartinez,DESKTOP-MB1MRSV,DOC060719.pdf,2019-06-07T09:34:20,Print,,1,LETTER,4000,1,,
205,mmartinez,DESKTOP-MB1MRSV,4-25709 vertilux we 05.26.19 ( 05.24).pdf,2019-06-07T09:31:32,Print,,2,LETTER,4000,1,,
204,Edwin,DESKTOP-9RMVS1T,2321E   0-154-FA-PAF3X-1[48897],2019-06-06T17:09:04,Print,,1,LETTER,4000,1,,
203,mmartinez,DESKTOP-MB1MRSV,Carlos De Jesus Del Pontigo.xlsx,2019-06-06T12:30:59,Print,,1,LETTER,4000,1,,
202,mmartinez,DESKTOP-MB1MRSV,Carlos De Jesus Del Pontigo.xlsx,2019-06-06T12:29:29,Print,,2,LETTER,4000,1,,
201,Edwin,DESKTOP-9RMVS1T,Remote Desktop Redirected Printer Doc,2019-06-06T10:23:59,Print,,1,LETTER,4000,1,,
200,Edwin,DESKTOP-9RMVS1T,Q-Box 100_Jun_03_2019[48503].pdf,2019-06-06T10:07:54,Print,,1,LETTER,4000,1,,
198,mmartinez,DESKTOP-MB1MRSV,G-28 (I-907).pdf,2019-06-06T08:42:15,Print,,4,LETTER,4000,1,,
197,mmartinez,DESKTOP-MB1MRSV,353229060519131144.pdf,2019-06-05T16:43:47,Print,,6,LETTER,4000,1,,
196,christianf,CHRISTIAN,Microsoft Outlook - Memo Style,2019-06-05T16:30:20,Print,,1,LETTER,4000,1,,
195,christianf,CHRISTIAN,Microsoft Outlook - Memo Style,2019-06-05T16:27:14,Print,,2,LETTER,4000,1,,
194,Edwin,DESKTOP-9RMVS1T,3 new  metal parts 190509 quotation[44201].pdf,2019-06-05T13:30:59,Print,,1,LETTER,4000,1,,
193,Edwin,DESKTOP-9RMVS1T,Microsoft Word - F201905008[48631],2019-06-05T13:29:12,Print,,2,LETTER,4000,1,,
192,Edwin,DESKTOP-9RMVS1T,Microsoft Word - F201905007[48632],2019-06-05T13:27:12,Print,,2,LETTER,4000,1,,
191,Ximena,DESKTOP-1T4K6FB,LISTA DE  PRECIOS BANDALUX 72.xlsx,2019-06-05T11:29:55,Print,,10,LETTER,4000,1,,
190,Edwin,DESKTOP-9RMVS1T,Price List - Roller Universal Components V5(49097).xls,2019-06-05T10:03:44,Print,,20,LETTER,4000,1,,
189,Edwin,DESKTOP-9RMVS1T,0-151-RE-Ov0xx plastic part quotation[48931].pdf,2019-06-05T09:24:57,Print,,1,LETTER,4000,1,,
188,Edwin,DESKTOP-9RMVS1T,0-151-RE-Ov0xx plastic part quotation[48931].pdf,2019-06-05T09:24:25,Print,,1,LETTER,4000,1,,
187,Edwin,DESKTOP-9RMVS1T,vertilux quotation-0-151-RE-OVXYY(48917).xlsx,2019-06-05T08:56:43,Print,,1,LETTER,4000,1,,
186,Edwin,DESKTOP-9RMVS1T,Remote Desktop Redirected Printer Doc,2019-06-05T08:56:41,Print,,20,LETTER,4000,1,,
185,Edwin,DESKTOP-9RMVS1T,18009????2[48478].pdf,2019-06-04T17:25:54,Print,,1,LETTER,4000,1,,
184,Edwin,DESKTOP-9RMVS1T,vertilux quotation-0-151-RE-OVXYY(48475).xlsx,2019-06-04T17:23:51,Print,,1,LETTER,4000,1,,
183,Edwin,DESKTOP-9RMVS1T,Mail - Re: DRAWINGS FOR ITEMS 0-151-RE-OVX00: OVAL END CAP,2019-06-04T17:22:38,Print,,1,LETTER,4000,1,,
182,mmartinez,DESKTOP-MB1MRSV,DOC041719.pdf,2019-06-04T11:42:46,Print,,1,LETTER,4000,1,,
181,Edwin,DESKTOP-9RMVS1T,"Mail - RE: New Quote: Motor Plates: 6-700-BR-SQ002, 6-700-BR-SQ",2019-06-04T10:55:14,Print,,4,LETTER,4000,1,,
180,mmartinez,DESKTOP-MB1MRSV,1811_001.pdf,2019-06-04T09:24:20,Print,,49,LETTER,4000,1,,
179,mmartinez,DESKTOP-MB1MRSV,1496_001.pdf,2019-06-04T09:21:51,Print,,17,LETTER,4000,1,,
178,Ximena,DESKTOP-1T4K6FB,LISTA DE  PRECIOS BANDALUX 72.xlsx,2019-06-03T16:58:36,Print,,5,LETTER,4000,1,,
177,Ximena,DESKTOP-1T4K6FB,LISTA DE  PRECIOS BANDALUX 72.xlsx,2019-06-03T16:58:15,Print,,8,LETTER,4000,1,,
176,lepepe,,Screen Shot 2019-06-03 at 3.35.30 PM,2019-06-03T15:44:16,Print,,1,LETTER,4000,1,,
175,Ximena,DESKTOP-1T4K6FB,RLAUCC-1x,2019-06-03T12:02:54,Print,,19,LETTER,4000,1,,
174,Edwin,DESKTOP-9RMVS1T,GXP16XX_Quick User Guide_Spanish.pdf,2019-06-03T10:53:03,Print,,1,LETTER,4000,4,,
173,Edwin,DESKTOP-9RMVS1T,GXP16XX_Quick User Guide_English.pdf,2019-06-03T10:52:31,Print,,1,LETTER,4000,4,,
172,Edwin,DESKTOP-9RMVS1T,GXP16XX_Quick User Guide_Spanish.pdf,2019-06-03T10:49:50,Print,,1,LETTER,4000,4,,
171,Edwin,DESKTOP-9RMVS1T,GXP16XX_Quick User Guide_English.pdf,2019-06-03T10:49:05,Print,,1,LETTER,4000,4,,
169,christianf,CHRISTIAN,Microsoft Outlook - Memo Style,2019-05-31T15:52:04,Print,,1,LETTER,4000,1,,
168,mmartinez,DESKTOP-MB1MRSV,RUNWAYREWARDS Credit Card - Rewards,2019-05-31T15:49:30,Print,,1,LETTER,4000,1,,
167,mmartinez,DESKTOP-MB1MRSV,RUNWAYREWARDS Credit Card - Rewards,2019-05-31T15:48:51,Print,,1,LETTER,4000,1,,
166,christianf,CHRISTIAN,Microsoft Outlook - Memo Style,2019-05-31T15:43:38,Print,,2,LETTER,4000,1,,
162,christianf,CHRISTIAN,Microsoft Outlook - Memo Style,2019-05-31T13:54:28,Print,,3,LETTER,4000,1,,
161,mmartinez,DESKTOP-MB1MRSV,Temp Time Sheets 4-19.xlsx,2019-05-31T11:09:23,Print,,1,LETTER,4000,1,,
159,mmartinez,DESKTOP-MB1MRSV,Araibis Martin  Zoraya Alvarez Iyevi Mederos.xlsx,2019-05-31T10:32:04,Print,,1,LETTER,4000,1,,
158,mmartinez,DESKTOP-MB1MRSV,Araibis Martin  Zoraya Alvarez Iyevi Mederos.xlsx,2019-05-31T10:31:48,Print,,1,LETTER,4000,1,,
157,mmartinez,DESKTOP-MB1MRSV,Araibis Martin  Zoraya Alvarez Iyevi Mederos.xlsx,2019-05-31T10:31:33,Print,,1,LETTER,4000,1,,
156,lepepe,,ACFrOgCvYQQZkIkrsIPs5CAiOwcJDFOr0IlLw3A...Tn1Em6auRczT_2uvwEt92TS7aEpJP4-yt1hTc=,2019-05-31T10:28:59,Print,,2,LETTER,4000,1,,
153,moises,,"VERTILUX Mail - ORDER 03008 -19: Envelopes 13""x10""",2019-05-30T13:52:53,Print,,2,LETTER,4000,2,,
152,moises,,ACFrOgDAYcsTO__pv5my9Jn8r9mezvnKePaaIRa...xNr5JthG2eRL090-Zp8TPAWQrs_Gqxj6ieSyM=,2019-05-30T13:52:09,Print,,1,LETTER,4000,2,,
151,moises,,"VERTILUX Mail - ORDER 03007 - 19: 2"" Al...m Recessed Keyed Tube Vinyl Cut Labels",2019-05-30T13:51:57,Print,,1,LETTER,4000,2,,
150,moises,,ACFrOgAIsJq5mK93PuF7vk1kAcHbHI6ByOkD1lc...G-Wj5jlaEMe1FcJObzQWFQGxw5z4zVHKf0Mic=,2019-05-30T13:51:38,Print,,1,LETTER,4000,2,,
149,christianf,CHRISTIAN,Microsoft Word - WELDING_MACHINES_EN2019,2019-05-30T12:48:36,Print,,6,LETTER,4000,1,,
148,lepepe,,Screen Shot 2019-05-30 at 12.26.58 PM,2019-05-30T12:40:09,Print,,1,LETTER,4000,1,,
147,lepepe,,Screen Shot 2019-05-30 at 12.37.38 PM,2019-05-30T12:39:59,Print,,1,LETTER,4000,1,,
146,lepepe,,IN548285.pdf,2019-05-30T12:10:37,Print,,1,LETTER,4000,1,,
145,lepepe,,Vertilux Blinds & Shades® | Shipping Reference: REF0000046793,2019-05-30T11:44:31,Print,,2,LETTER,4000,1,,
144,mmartinez,DESKTOP-MB1MRSV,medical-documentation-formula-food.pdf,2019-05-30T11:20:36,Print,,2,LETTER,4000,1,,
143,lepepe,,Vertilux Blinds & Shades® | Shipping Reference: REF0000046793,2019-05-30T11:18:00,Print,,1,LETTER,4000,1,,
142,lepepe,,SO545115.pdf,2019-05-30T11:10:58,Print,,1,LETTER,4000,1,,
141,christianf,CHRISTIAN,request.pdf,2019-05-30T10:40:22,Print,,2,LETTER,4000,1,,
139,lepepe,,ACFrOgD9V1f0sfhx52Jo71ivJNRJKtYYmB4z4hC...4MgIPIs8_ecXVDeWuzHqcmkAlfFEVb23CcXbY=,2019-05-30T10:27:28,Print,,1,LETTER,4000,1,,
138,moises,,Flyer motor.pdf,2019-05-30T10:16:38,Print,,1,LETTER,4000,1,,
137,moises,,Captura de pantalla 2019-05-29 a la(s) 12.40.51 p. m..png,2019-05-30T09:51:07,Print,,29,LETTER,4000,1,,
136,moises,,VERTILUX Mail - ORDER 04003 - 19: Foam Signs - Inspection Hoist,2019-05-30T09:21:56,Print,,2,LETTER,4000,2,,
135,moises,,ACFrOgD2Lx_M59atvnenvywfKJJWzBpeSKnHVCF...mi4XLEkLWVnU4ZvCO-wGdWR_Xgkja_MTjZqBw=,2019-05-30T09:21:16,Print,,1,LETTER,4000,1,,
134,moises,,ACFrOgAQlo_vrwGr-43bF17zObFgWbR1jXXAgEt...vDPlgCPlD3XZybZo7DNhDHmtEj4unKQaGpHAE=,2019-05-30T09:20:18,Print,,1,LETTER,4000,1,,
133,moises,,VERTILUX Mail - ORDER 01002-19 Business...s for Jason Schmucker And Craig Briggs,2019-05-30T09:18:50,Print,,1,LETTER,4000,2,,
132,moises,,ACFrOgBJjLK4p5GhLSu2qsUo3rp1VOHwhjy0uGu...KspqFsbVjJ7EK_NJTkpmqHyrJ3MFEH_9bsKyg=,2019-05-30T09:18:24,Print,,1,LETTER,4000,2,,
131,moises,,VERTILUX Mail - ORDER 05004 - 19 Vertishield Dividers (2 Versions),2019-05-30T09:18:06,Print,,1,LETTER,4000,2,,
130,moises,,ACFrOgART-VCyQOFrlTKXeryraeJUUa7B2VT_hX...6UGzW9zbHqQCNE1OZKHYKEH8vVXHJv4DOFFQ4=,2019-05-30T09:17:33,Print,,1,LETTER,4000,2,,
129,moises,,"VERTILUX Mail - ORDER 05007 - 19: Envelopes 10 & Envelopes 10""x13"" (New address)",2019-05-30T09:17:11,Print,,1,LETTER,4000,2,,
128,moises,,VERTILUX Mail - ORDER 05008 - 19: Numbers for Warehouse Doors,2019-05-30T09:16:59,Print,,2,LETTER,4000,2,,
127,moises,,VERTILUX Mail - ORDER 05009 - 19 Vertilux Pens,2019-05-30T09:16:37,Print,,1,LETTER,4000,2,,
126,moises,,VERTILUX Mail - ORDER 05010 - 19 Adhesive Cube (Post-Its),2019-05-30T09:16:21,Print,,1,LETTER,4000,2,,
125,moises,,VERTILUX Mail - ORDER 05011 - 19 Bindercard Romance-Noite Flex,2019-05-30T09:15:59,Print,,1,LETTER,4000,2,,
124,moises,,Screen Shot 2019-05-30 at 9.13.27 AM,2019-05-30T09:15:25,Print,,1,LETTER,4000,1,,
123,moises,,ACFrOgBJ4vsvDq3ZjorwB1pApO1obAKYDuyFerJ...NAcTAKzcSiQ1KWRZsGQAGD9LbF-mto15_Jl8M=,2019-05-30T09:14:23,Print,,2,LETTER,4000,1,,
122,moises,,ACFrOgAxJKKDTR2fvOGCvgHrAnCllm8mJRHh7S8...I5nlQ5pENQk7CKuO61exrH5HBBE5goCQyCfQo=,2019-05-30T09:14:13,Print,,1,LETTER,4000,1,,
121,lepepe,,Vertilux Blinds & Shades® | Receiving Control: 3817,2019-05-30T08:34:08,Print,,1,LETTER,4000,1,,
120,lepepe,,ACFrOgCSdjmqbgltyG6ffEr-EDrJE2Z3tjKuBoU...Fpp9YKq0Kv6i1McYzSBw-FuWIlovXp6JhsDOY=,2019-05-30T08:31:14,Print,,1,LETTER,4000,1,,
119,mmartinez,DESKTOP-MB1MRSV,W-4 2019.pdf,2019-05-29T16:11:51,Print,,4,LETTER,4000,1,,
118,mmartinez,DESKTOP-MB1MRSV,DOC052919.pdf,2019-05-29T13:14:06,Print,,2,LETTER,4000,1,,
116,christianf,CHRISTIAN,PHOTO-2019-05-28-18-27-56 (002).jpg,2019-05-29T09:56:36,Print,,1,LETTER,4000,1,,
115,christianf,CHRISTIAN,PHOTO-2019-05-28-18-27-17 (002).jpg,2019-05-29T09:56:13,Print,,1,LETTER,4000,1,,
114,christianf,CHRISTIAN,so544997.pdf,2019-05-29T09:11:03,Print,,1,LETTER,4000,1,,
113,christianf,CHRISTIAN,so544898.pdf,2019-05-29T09:09:46,Print,,2,LETTER,4000,1,,
112,mmartinez,DESKTOP-MB1MRSV,351151052819131821.pdf,2019-05-28T16:54:53,Print,,6,LETTER,4000,1,,
110,Edwin,DESKTOP-9RMVS1T,Sample 83058[42302].pdf,2019-05-28T15:41:22,Print,,2,LETTER,4000,1,,
108,mmartinez,DESKTOP-MB1MRSV,Microsoft Word - Document1,2019-05-28T12:43:23,Print,,1,LETTER,4000,1,,
107,mmartinez,DESKTOP-MB1MRSV,Microsoft Word - Blank 2 2,2019-05-28T12:28:19,Print,,1,LETTER,4000,1,,
106,christianf,CHRISTIAN,PHOTO-2019-05-28-11-29-02 (002).jpg,2019-05-28T12:14:36,Print,,1,LETTER,4000,1,,
105,christianf,CHRISTIAN,PHOTO-2019-05-28-11-29-31 (002).jpg,2019-05-28T12:14:19,Print,,1,LETTER,4000,1,,
104,mmartinez,DESKTOP-MB1MRSV,Microsoft Outlook - Memo Style,2019-05-28T11:35:21,Print,,2,LETTER,4000,1,,
103,mmartinez,DESKTOP-MB1MRSV,Microsoft Outlook - Memo Style,2019-05-28T11:04:36,Print,,3,LETTER,4000,1,,
102,mmartinez,DESKTOP-MB1MRSV,Microsoft Outlook - Memo Style,2019-05-28T11:04:28,Print,,3,LETTER,4000,1,,
101,mmartinez,DESKTOP-MB1MRSV,Microsoft Outlook - Memo Style,2019-05-28T11:04:15,Print,,3,LETTER,4000,1,,
100,Edwin,DESKTOP-9RMVS1T,1018-CW[42270],2019-05-28T09:44:03,Print,,1,LETTER,4000,1,,
99,Ximena,DESKTOP-1T4K6FB,ACFrOgBP-L9HBwgwTMAqB09H6Iv7nvGUFqxhrQ7...qZ_xruVBJU5WL0RXJSQKXPmzTjOiK58r0Ftsk=,2019-05-28T09:28:23,Print,,1,LETTER,4000,1,,
98,Edwin,DESKTOP-9RMVS1T,c8467c49df38f9a7318e2106da0158d,2019-05-28T08:50:56,Print,,1,LETTER,4000,1,,
97,Edwin,DESKTOP-9RMVS1T,c8467c49df38f9a7318e2106da0158d,2019-05-28T08:45:55,Print,,1,LETTER,4000,1,,
96,,,,2019-05-24T18:56:15,Copy,,1,LETTER,4000,1,,
95,Edwin,DESKTOP-9RMVS1T,SC20190503 Vertilux[41356].pdf,2019-05-24T17:21:10,Print,,1,LETTER,4000,1,,
94,Edwin,DESKTOP-9RMVS1T,Your Document,2019-05-24T17:20:28,Print,,2,LETTER,4000,1,,
93,mobile,,Photo,2019-05-24T15:50:34,Print,,1,LETTER,4000,1,,
92,Edwin,DESKTOP-9RMVS1T,Your Document,2019-05-24T15:50:32,Print,,2,LETTER,4000,1,,
91,Edwin,DESKTOP-9RMVS1T,0-151-AL-OV0XX_Schematics - May_24_2019[41942].pdf,2019-05-24T15:50:25,Print,,1,LETTER,4000,1,,
90,christianf,CHRISTIAN,Correo: Christian Flebbe - Outlook,2019-05-24T15:50:23,Print,,2,LETTER,4000,1,,
89,mobile,,Outlook,2019-05-24T14:09:18,Print,,1,LETTER,4000,1,,
88,Edwin,DESKTOP-9RMVS1T,DRAWING SHEET-1 0-151-AL-OVXYY B,2019-05-24T11:20:52,Print,,1,LETTER,4000,1,,
87,Edwin,DESKTOP-9RMVS1T,DRAWING SHEET-1 0-151-AL-OVXYY A,2019-05-24T11:18:50,Print,,1,LETTER,4000,1,,
86,Edwin,DESKTOP-9RMVS1T,0-151-RE-OV0XX_Schematics - Jan_11_2019,2019-05-24T11:04:22,Print,,1,LETTER,4000,1,,
85,Edwin,DESKTOP-9RMVS1T,0-151-RE-OV0XX_Schematics - Jan_24_2019,2019-05-24T11:03:09,Print,,1,LETTER,4000,1,,
84,Edwin,DESKTOP-9RMVS1T,0-151-RE-OV0XX_Schematics - Jan_25_2019,2019-05-24T11:02:43,Print,,1,LETTER,4000,1,,
83,Edwin,DESKTOP-9RMVS1T,printable,2019-05-24T09:35:59,Print,,1,LETTER,4000,1,,
81,,,,2019-05-23T16:56:03,Copy,,1,LETTER,4000,1,,
80,,,,2019-05-23T16:55:21,Copy,,1,LETTER,4000,1,,
79,mmartinez,DESKTOP-MB1MRSV,Microsoft Outlook - Memo Style,2019-05-23T16:54:39,Print,,2,LETTER,4000,1,,
78,mmartinez,DESKTOP-MB1MRSV,ManualCheck (10).pdf,2019-05-23T16:54:03,Print,,1,LETTER,4000,1,,
77,mmartinez,DESKTOP-MB1MRSV,https://workforcenow.adp.com/wfn/payrol...tiPrintGoodResultRealPrintWindow.faces,2019-05-23T16:36:33,Print,,2,LETTER,4000,1,,
75,mmartinez,DESKTOP-MB1MRSV,ADP,2019-05-23T16:24:17,Print,,1,LETTER,4000,1,,
74,mmartinez,DESKTOP-MB1MRSV,ADP,2019-05-23T16:24:09,Print,,1,LETTER,4000,1,,
73,mmartinez,DESKTOP-MB1MRSV,ADP,2019-05-23T16:23:59,Print,,1,LETTER,4000,1,,
72,mmartinez,DESKTOP-MB1MRSV,ADP,2019-05-23T16:23:49,Print,,1,LETTER,4000,1,,
71,mmartinez,DESKTOP-MB1MRSV,ADP,2019-05-23T16:23:40,Print,,1,LETTER,4000,1,,
70,mmartinez,DESKTOP-MB1MRSV,ADP,2019-05-23T16:23:32,Print,,1,LETTER,4000,1,,
69,mmartinez,DESKTOP-MB1MRSV,ADP,2019-05-23T16:23:23,Print,,1,LETTER,4000,1,,
68,mmartinez,DESKTOP-MB1MRSV,ADP,2019-05-23T16:23:15,Print,,1,LETTER,4000,1,,
67,mmartinez,DESKTOP-MB1MRSV,ADP,2019-05-23T16:23:07,Print,,1,LETTER,4000,1,,
66,christianf,CHRISTIAN,Microsoft Outlook - Memo Style,2019-05-23T13:57:38,Print,,1,LETTER,4000,1,,
65,christianf,CHRISTIAN,Microsoft Outlook - Memo Style,2019-05-23T13:57:06,Print,,1,LETTER,4000,1,,
64,christianf,CHRISTIAN,Correo: Christian Flebbe - Outlook,2019-05-23T13:44:13,Print,,2,LETTER,4000,1,,
63,christianf,CHRISTIAN,Correo: Christian Flebbe - Outlook,2019-05-23T13:43:08,Print,,1,LETTER,4000,1,,
62,christianf,CHRISTIAN,request.pdf,2019-05-23T13:37:39,Print,,2,LETTER,4000,1,,
61,,,,2019-05-23T13:16:04,Copy,,1,LETTER,4000,1,,
60,christianf,CHRISTIAN,IMG_1860 (002).jpg,2019-05-23T12:11:50,Print,,1,LETTER,4000,1,,
59,christianf,CHRISTIAN,IMG_1859 (002).jpg,2019-05-23T12:11:27,Print,,1,LETTER,4000,1,,
58,mmartinez,DESKTOP-MB1MRSV,PowerPoint Presentation,2019-05-23T11:52:02,Print,,25,LETTER,4000,1,,
57,Edwin,DESKTOP-9RMVS1T,REF0000046425.pdf,2019-05-23T11:27:31,Print,,1,LETTER,4000,1,,
56,mmartinez,DESKTOP-MB1MRSV,Temp Time Sheets 4-19.xlsx,2019-05-23T11:23:28,Print,,1,LETTER,4000,1,,
55,mmartinez,DESKTOP-MB1MRSV,4-25581 verltilux we 05.10.19.pdf,2019-05-23T11:20:57,Print,,2,LETTER,4000,1,,
54,mmartinez,DESKTOP-MB1MRSV,350171052219133401.pdf,2019-05-23T11:19:28,Print,,5,LETTER,4000,1,,
53,Edwin,DESKTOP-9RMVS1T,Remote Desktop Redirected Printer Doc,2019-05-23T11:06:25,Print,,1,LETTER,4000,1,,
52,mmartinez,DESKTOP-MB1MRSV,ADP,2019-05-23T10:55:52,Print,,1,LETTER,4000,1,,
51,mmartinez,DESKTOP-MB1MRSV,Microsoft Word - Blank 2 2,2019-05-23T10:31:26,Print,,1,LETTER,4000,1,,
50,Ximena,DESKTOP-1T4K6FB,Microsoft Word - CBEF.rtf,2019-05-23T10:03:01,Print,,1,LETTER,4000,1,,
48,Ximena,DESKTOP-1T4K6FB,Vertilux Blinds & Shades®,2019-05-23T10:00:37,Print,,2,LETTER,4000,1,,
47,mmartinez,DESKTOP-MB1MRSV,ADP,2019-05-22T16:39:45,Print,,1,LETTER,4000,1,,
46,,,,2019-05-22T16:33:30,Copy,,1,LETTER,4000,1,,
45,,,,2019-05-22T16:32:44,Copy,,1,LETTER,4000,3,,
44,,,,2019-05-22T16:31:28,Copy,,1,LETTER,4000,3,,
43,mmartinez,DESKTOP-MB1MRSV,Temp Time Sheets 4-19.xlsx,2019-05-22T15:52:45,Print,,1,LETTER,4000,1,,
42,Edwin,DESKTOP-9RMVS1T,Remote Desktop Redirected Printer Doc,2019-05-22T15:07:11,Print,,1,LETTER,4000,1,,
41,christianf,CHRISTIAN,IMG_1860 (002).jpg,2019-05-22T14:38:15,Print,,1,LETTER,4000,1,,
40,christianf,CHRISTIAN,IMG_1859 (002).jpg,2019-05-22T14:38:12,Print,,1,LETTER,4000,1,,
39,christianf,CHRISTIAN,IMG_3771.JPG,2019-05-22T13:43:13,Print,,1,LETTER,4000,1,,
38,christianf,CHRISTIAN,tarifa sistema ZIP 2019 enviada.pdf,2019-05-22T13:18:43,Print,,1,LETTER,4000,1,,
37,christianf,CHRISTIAN,Instrucciones montaje zip v0.pdf,2019-05-22T13:18:27,Print,,12,LETTER,4000,1,,
34,Ximena,DESKTOP-1T4K6FB,SO GP ANALYSIS SB (2).pdf,2019-05-22T12:43:12,Print,,1,LETTER,4000,1,,
33,mmartinez,DESKTOP-MB1MRSV,Fb2c36.pdf,2019-05-22T11:38:15,Print,,3,LETTER,4000,1,,
32,christianf,CHRISTIAN,My Best Buy Rewards - Best Buy,2019-05-22T11:16:52,Print,,1,LETTER,4000,1,,
31,Edwin,DESKTOP-9RMVS1T,Remote Desktop Redirected Printer Doc,2019-05-22T10:25:53,Print,,1,LETTER,4000,1,,
30,Edwin,DESKTOP-9RMVS1T,Remote Desktop Redirected Printer Doc,2019-05-22T10:25:24,Print,,1,LETTER,4000,1,,
29,Edwin,DESKTOP-9RMVS1T,Contemporary BR (0-151-AL-BCxxx).pdf,2019-05-22T10:24:21,Print,,1,LETTER,4000,1,,
28,mmartinez,DESKTOP-MB1MRSV,Microsoft Outlook - Memo Style,2019-05-22T09:57:14,Print,,1,LETTER,4000,1,,
27,christianf,CHRISTIAN,Test Page,2019-05-22T09:19:28,Print,,1,LETTER,4000,1,,
26,christianf,CHRISTIAN,Microsoft Outlook - Memo Style,2019-05-22T09:18:13,Print,,2,LETTER,4000,1,,
25,mmartinez,DESKTOP-MB1MRSV,eeo1-2.pdf,2019-05-21T18:16:23,Print,,2,LETTER,4000,1,,
24,mmartinez,DESKTOP-MB1MRSV,Workforce Now - EEO-1 Reporting Options | The Bridge,2019-05-21T17:59:53,Print,,5,LETTER,4000,1,,
23,mmartinez,DESKTOP-MB1MRSV,EEO-1 Resource Document.pdf,2019-05-21T17:54:47,Print,,2,LETTER,4000,1,,
22,mmartinez,DESKTOP-MB1MRSV,"Standard EEO-1 Report - Instructions, Updates a... | The Bridge",2019-05-21T17:51:21,Print,,19,LETTER,4000,1,,
21,Edwin,DESKTOP-9RMVS1T,Mail - Re: V12 Question,2019-05-21T12:35:01,Print,,2,LETTER,4000,1,,
20,Ximena,DESKTOP-1T4K6FB,Test Page,2019-05-21T12:30:01,Print,,1,LETTER,4000,1,,
19,christianf,CHRISTIAN,Test Page,2019-05-21T12:26:56,Print,,1,LETTER,4000,1,,
18,Edwin,DESKTOP-9RMVS1T,Remote Desktop Redirected Printer Doc,2019-05-21T11:30:45,Print,,1,LETTER,4000,1,,
17,mmartinez,DESKTOP-MB1MRSV,Reporte tiempo Mudanza.xlsx,2019-05-21T10:03:35,Print,,1,LETTER,4000,1,,
16,mmartinez,DESKTOP-MB1MRSV,Test Page,2019-05-21T09:29:22,Print,,1,LETTER,4000,1,,
14,,,,2019-04-29T12:18:55,List,,1,LETTER,4000,1,,
13,,,,2019-04-29T12:18:17,List,,1,LETTER,4000,1,,
12,,,,2019-04-29T12:16:22,List,,14,LETTER,4000,1,,